mode: set
explorer/internal/auth/jwt.go:21.54,23.21 2 0
explorer/internal/auth/jwt.go:23.21,25.3 1 0
explorer/internal/auth/jwt.go:27.2,28.16 2 0
explorer/internal/auth/jwt.go:28.16,31.17 2 0
explorer/internal/auth/jwt.go:31.17,33.4 1 0
explorer/internal/auth/jwt.go:36.2,37.57 2 0
explorer/internal/auth/jwt.go:37.57,39.3 1 0
explorer/internal/auth/jwt.go:41.2,41.21 1 0
explorer/internal/auth/jwt.go:44.38,46.2 1 0
explorer/internal/auth/jwt.go:48.37,50.2 1 0
explorer/internal/auth/jwt.go:52.50,54.2 1 0
explorer/internal/auth/sso.go:58.77,72.2 3 0
explorer/internal/auth/sso.go:74.38,76.2 1 1
explorer/internal/auth/sso.go:78.69,80.40 2 1
explorer/internal/auth/sso.go:80.40,82.3 1 0
explorer/internal/auth/sso.go:83.2,86.42 3 1
explorer/internal/auth/sso.go:86.42,89.3 2 1
explorer/internal/auth/sso.go:90.2,96.19 3 1
explorer/internal/auth/sso.go:99.64,104.13 4 1
explorer/internal/auth/sso.go:104.13,106.3 1 1
explorer/internal/auth/sso.go:109.2,111.39 2 1
explorer/internal/auth/sso.go:111.39,113.3 1 0
explorer/internal/auth/sso.go:115.2,115.30 1 1
explorer/internal/auth/sso.go:118.62,127.2 7 1
explorer/internal/auth/sso.go:129.97,139.16 8 0
explorer/internal/auth/sso.go:139.16,141.3 1 0
explorer/internal/auth/sso.go:142.2,145.16 3 0
explorer/internal/auth/sso.go:145.16,147.3 1 0
explorer/internal/auth/sso.go:148.2,151.16 3 0
explorer/internal/auth/sso.go:151.16,153.3 1 0
explorer/internal/auth/sso.go:155.2,155.38 1 0
explorer/internal/auth/sso.go:155.38,157.81 2 0
explorer/internal/auth/sso.go:157.81,159.4 1 0
explorer/internal/auth/sso.go:160.3,160.89 1 0
explorer/internal/auth/sso.go:163.2,164.54 2 0
explorer/internal/auth/sso.go:164.54,166.3 1 0
explorer/internal/auth/sso.go:168.2,168.21 1 0
explorer/internal/auth/sso.go:171.37,175.21 3 0
explorer/internal/auth/sso.go:175.21,178.42 3 0
explorer/internal/auth/sso.go:178.42,179.34 1 0
explorer/internal/auth/sso.go:179.34,181.5 1 0
explorer/internal/auth/sso.go:183.3,183.21 1 0
explorer/internal/api/auth_handlers.go:19.74,20.52 1 1
explorer/internal/api/auth_handlers.go:20.52,23.3 2 1
explorer/internal/api/auth_handlers.go:25.2,26.21 2 1
explorer/internal/api/auth_handlers.go:26.21,28.3 1 1
explorer/internal/api/auth_handlers.go:31.2,31.78 1 1
explorer/internal/api/auth_handlers.go:31.78,33.3 1 1
explorer/internal/api/auth_handlers.go:35.2,36.16 2 1
explorer/internal/api/auth_handlers.go:36.16,40.3 3 0
explorer/internal/api/auth_handlers.go:42.2,43.48 2 1
explorer/internal/api/auth_handlers.go:46.77,47.52 1 1
explorer/internal/api/auth_handlers.go:47.52,50.3 2 0
explorer/internal/api/auth_handlers.go:52.2,55.16 3 1
explorer/internal/api/auth_handlers.go:55.16,58.3 2 0
explorer/internal/api/auth_handlers.go:60.2,60.17 1 1
explorer/internal/api/auth_handlers.go:60.17,63.3 2 0
explorer/internal/api/auth_handlers.go:65.2,66.12 2 1
explorer/internal/api/auth_handlers.go:66.12,69.3 2 1
explorer/internal/api/auth_handlers.go:72.2,72.78 1 1
explorer/internal/api/auth_handlers.go:72.78,74.3 1 0
explorer/internal/api/auth_handlers.go:76.2,77.16 2 1
explorer/internal/api/auth_handlers.go:77.16,81.3 3 1
explorer/internal/api/auth_handlers.go:83.2,93.50 2 1
explorer/internal/api/auth_handlers.go:96.75,102.38 3 1
explorer/internal/api/auth_handlers.go:102.38,105.3 2 0
explorer/internal/api/auth_handlers.go:107.2,108.16 2 1
explorer/internal/api/auth_handlers.go:108.16,117.3 3 0
explorer/internal/api/auth_handlers.go:119.2,119.24 1 1
explorer/internal/api/auth_handlers.go:119.24,128.3 3 0
explorer/internal/api/auth_handlers.go:130.2,134.22 4 1
explorer/internal/api/auth_handlers.go:137.75,146.2 2 0
explorer/internal/api/auth_handlers.go:148.53,150.38 2 1
explorer/internal/api/auth_handlers.go:150.38,152.3 1 1
explorer/internal/api/auth_handlers.go:154.2,155.38 2 1
explorer/internal/api/auth_handlers.go:155.38,157.3 1 0
explorer/internal/api/auth_handlers.go:159.2,159.24 1 1
explorer/internal/api/auth_handlers.go:162.55,164.16 2 0
explorer/internal/api/auth_handlers.go:164.16,166.3 1 0
explorer/internal/api/auth_handlers.go:167.2,167.21 1 0
explorer/internal/api/auth_handlers.go:170.68,174.2 3 1
explorer/internal/api/auth_handlers.go:176.72,177.71 1 0
explorer/internal/api/auth_handlers.go:177.71,179.39 2 0
explorer/internal/api/auth_handlers.go:179.39,181.41 2 0
explorer/internal/api/auth_handlers.go:181.41,183.46 1 0
explorer/internal/api/auth_handlers.go:183.46,193.6 1 0
explorer/internal/api/auth_handlers.go:196.3,196.23 1 0
explorer/internal/api/handlers.go:22.73,24.16 2 1
explorer/internal/api/handlers.go:24.16,27.3 2 0
explorer/internal/api/handlers.go:28.2,29.21 2 1
explorer/internal/api/handlers.go:32.73,33.20 1 0
explorer/internal/api/handlers.go:33.20,36.3 2 0
explorer/internal/api/handlers.go:38.2,39.16 2 0
explorer/internal/api/handlers.go:39.16,42.3 2 0
explorer/internal/api/handlers.go:44.2,44.25 1 0
explorer/internal/api/handlers.go:47.77,48.25 1 0
explorer/internal/api/handlers.go:48.25,51.3 2 0
explorer/internal/api/handlers.go:53.2,54.16 2 0
explorer/internal/api/handlers.go:54.16,57.3 2 0
explorer/internal/api/handlers.go:59.2,59.22 1 0
explorer/internal/api/handlers.go:62.74,67.16 4 0
explorer/internal/api/handlers.go:67.16,70.3 2 0
explorer/internal/api/handlers.go:72.2,72.39 1 0
explorer/internal/api/handlers.go:75.79,77.16 2 0
explorer/internal/api/handlers.go:77.16,80.3 2 0
explorer/internal/api/handlers.go:81.2,81.22 1 0
explorer/internal/api/handlers.go:81.22,84.3 2 0
explorer/internal/api/handlers.go:85.2,85.25 1 0
explorer/internal/api/handlers.go:88.73,91.16 3 1
explorer/internal/api/handlers.go:91.16,94.3 2 0
explorer/internal/api/handlers.go:96.2,99.16 3 1
explorer/internal/api/handlers.go:99.16,102.3 2 0
explorer/internal/api/handlers.go:104.2,104.18 1 1
explorer/internal/api/handlers.go:104.18,105.59 1 0
explorer/internal/api/handlers.go:105.59,108.4 2 0
explorer/internal/api/handlers.go:109.3,110.33 2 0
explorer/internal/api/handlers.go:110.33,113.4 2 0
explorer/internal/api/handlers.go:116.2,117.16 2 1
explorer/internal/api/handlers.go:117.16,120.3 2 0
explorer/internal/api/handlers.go:122.2,125.4 1 1
explorer/internal/api/handlers.go:128.84,131.16 3 0
explorer/internal/api/handlers.go:131.16,134.3 2 0
explorer/internal/api/handlers.go:136.2,137.16 2 0
explorer/internal/api/handlers.go:137.16,140.3 2 0
explorer/internal/api/handlers.go:142.2,142.24 1 0
explorer/internal/api/handlers.go:142.24,144.3 1 0
explorer/internal/api/handlers.go:146.2,146.27 1 0
explorer/internal/api/handlers.go:149.80,151.19 2 0
explorer/internal/api/handlers.go:151.19,154.3 2 0
explorer/internal/api/handlers.go:156.2,160.16 4 0
explorer/internal/api/handlers.go:160.16,163.3 2 0
explorer/internal/api/handlers.go:165.2,165.36 1 0
explorer/internal/api/handlers.go:168.89,173.19 4 0
explorer/internal/api/handlers.go:173.19,174.59 1 0
explorer/internal/api/handlers.go:174.59,176.4 1 0
explorer/internal/api/handlers.go:179.2,180.23 2 0
explorer/internal/api/handlers.go:180.23,181.78 1 0
explorer/internal/api/handlers.go:181.78,183.4 1 0
explorer/internal/api/handlers.go:186.2,187.16 2 0
explorer/internal/api/handlers.go:187.16,190.3 2 0
explorer/internal/api/handlers.go:192.2,192.16 1 0
explorer/internal/api/handlers.go:192.16,194.3 1 0
explorer/internal/api/handlers.go:196.2,197.29 2 0
explorer/internal/api/handlers.go:197.29,199.3 1 0
explorer/internal/api/handlers.go:201.2,207.4 1 0
explorer/internal/api/handlers.go:210.79,212.36 2 0
explorer/internal/api/handlers.go:212.36,214.3 1 0
explorer/internal/api/handlers.go:216.2,219.16 3 0
explorer/internal/api/handlers.go:219.16,222.3 2 0
explorer/internal/api/handlers.go:224.2,224.15 1 0
explorer/internal/api/handlers.go:224.15,226.17 2 0
explorer/internal/api/handlers.go:226.17,229.4 2 0
explorer/internal/api/handlers.go:231.3,232.47 2 0
explorer/internal/api/handlers.go:232.47,235.4 2 0
explorer/internal/api/handlers.go:237.3,237.81 1 0
explorer/internal/api/handlers.go:237.81,240.4 2 0
explorer/internal/api/handlers.go:242.3,243.30 2 0
explorer/internal/api/handlers.go:243.30,246.4 2 0
explorer/internal/api/handlers.go:249.2,249.38 1 0
explorer/internal/api/handlers.go:249.38,251.35 2 0
explorer/internal/api/handlers.go:251.35,257.4 2 0
explorer/internal/api/handlers.go:260.2,260.18 1 0
explorer/internal/api/handlers.go:263.75,265.35 2 0
explorer/internal/api/handlers.go:265.35,268.3 2 0
explorer/internal/api/handlers.go:269.2,274.16 4 0
explorer/internal/api/handlers.go:274.16,277.3 2 0
explorer/internal/api/handlers.go:279.2,280.16 2 0
explorer/internal/api/handlers.go:280.16,283.3 2 0
explorer/internal/api/handlers.go:285.2,286.16 2 0
explorer/internal/api/handlers.go:286.16,289.3 2 0
explorer/internal/api/handlers.go:291.2,298.20 2 0
explorer/internal/api/handlers.go:301.87,303.35 2 0
explorer/internal/api/handlers.go:303.35,306.3 2 0
explorer/internal/api/handlers.go:307.2,313.16 5 0
explorer/internal/api/handlers.go:313.16,316.3 2 0
explorer/internal/api/handlers.go:318.2,318.36 1 0
explorer/internal/api/handlers.go:321.76,323.35 2 0
explorer/internal/api/handlers.go:323.35,326.3 2 0
explorer/internal/api/handlers.go:327.2,330.16 3 0
explorer/internal/api/handlers.go:330.16,333.3 2 0
explorer/internal/api/handlers.go:334.2,334.21 1 0
explorer/internal/api/handlers.go:334.21,337.3 2 0
explorer/internal/api/handlers.go:339.2,339.24 1 0
explorer/internal/api/handlers.go:342.82,344.35 2 0
explorer/internal/api/handlers.go:344.35,347.3 2 0
explorer/internal/api/handlers.go:348.2,353.61 3 0
explorer/internal/api/handlers.go:353.61,356.3 2 0
explorer/internal/api/handlers.go:358.2,358.23 1 0
explorer/internal/api/handlers.go:358.23,361.3 2 0
explorer/internal/api/handlers.go:363.2,364.59 2 0
explorer/internal/api/handlers.go:364.59,367.3 2 0
explorer/internal/api/handlers.go:369.2,369.75 1 0
explorer/internal/api/handlers.go:369.75,372.3 2 0
explorer/internal/api/handlers.go:374.2,374.67 1 0
explorer/internal/api/handlers.go:377.84,379.35 2 0
explorer/internal/api/handlers.go:379.35,382.3 2 0
explorer/internal/api/handlers.go:383.2,389.16 5 0
explorer/internal/api/handlers.go:389.16,392.3 2 0
explorer/internal/api/handlers.go:394.2,394.42 1 0
explorer/internal/api/handlers.go:397.88,399.36 2 0
explorer/internal/api/handlers.go:399.36,401.3 1 0
explorer/internal/api/handlers.go:403.2,404.16 2 0
explorer/internal/api/handlers.go:404.16,407.3 2 0
explorer/internal/api/handlers.go:409.2,409.25 1 0
explorer/internal/api/handlers.go:412.83,414.36 2 0
explorer/internal/api/handlers.go:414.36,416.3 1 0
explorer/internal/api/handlers.go:418.2,419.16 2 0
explorer/internal/api/handlers.go:419.16,422.3 2 0
explorer/internal/api/handlers.go:424.2,424.17 1 0
explorer/internal/api/handlers.go:424.17,426.3 1 0
explorer/internal/api/handlers.go:428.2,428.20 1 0
explorer/internal/api/handlers.go:431.76,436.19 4 0
explorer/internal/api/handlers.go:436.19,437.59 1 0
explorer/internal/api/handlers.go:437.59,439.4 1 0
explorer/internal/api/handlers.go:442.2,443.23 2 0
explorer/internal/api/handlers.go:443.23,444.78 1 0
explorer/internal/api/handlers.go:444.78,446.4 1 0
explorer/internal/api/handlers.go:449.2,452.16 3 0
explorer/internal/api/handlers.go:452.16,455.3 2 0
explorer/internal/api/handlers.go:457.2,458.31 2 0
explorer/internal/api/handlers.go:458.31,460.17 2 0
explorer/internal/api/handlers.go:460.17,462.4 1 0
explorer/internal/api/handlers.go:463.3,469.5 2 0
explorer/internal/api/handlers.go:472.2,473.29 2 0
explorer/internal/api/handlers.go:473.29,475.3 1 0
explorer/internal/api/handlers.go:477.2,483.4 1 0
explorer/internal/api/handlers.go:486.86,491.23 4 0
explorer/internal/api/handlers.go:491.23,492.63 1 0
explorer/internal/api/handlers.go:492.63,494.4 1 0
explorer/internal/api/handlers.go:497.2,498.20 2 0
explorer/internal/api/handlers.go:498.20,499.72 1 0
explorer/internal/api/handlers.go:499.72,501.4 1 0
explorer/internal/api/handlers.go:504.2,505.16 2 0
explorer/internal/api/handlers.go:505.16,508.3 2 0
explorer/internal/api/handlers.go:510.2,510.20 1 0
explorer/internal/api/handlers.go:510.20,512.3 1 0
explorer/internal/api/handlers.go:514.2,514.23 1 0
explorer/internal/api/handlers.go:517.82,519.27 2 0
explorer/internal/api/handlers.go:519.27,522.3 2 0
explorer/internal/api/handlers.go:524.2,525.16 2 0
explorer/internal/api/handlers.go:525.16,528.3 2 0
explorer/internal/api/handlers.go:530.2,530.24 1 0
explorer/internal/api/handlers.go:530.24,532.3 1 0
explorer/internal/api/handlers.go:534.2,537.4 1 0
explorer/internal/api/handlers.go:540.71,542.13 2 0
explorer/internal/api/handlers.go:542.13,545.3 2 0
explorer/internal/api/handlers.go:547.2,549.58 2 0
explorer/internal/api/handlers.go:549.58,551.33 2 0
explorer/internal/api/handlers.go:551.33,554.4 2 0
explorer/internal/api/handlers.go:555.3,555.56 1 0
explorer/internal/api/handlers.go:555.56,557.20 2 0
explorer/internal/api/handlers.go:557.20,560.5 2 0
explorer/internal/api/handlers.go:564.2,564.48 1 0
explorer/internal/api/handlers.go:564.48,566.30 2 0
explorer/internal/api/handlers.go:566.30,569.4 2 0
explorer/internal/api/handlers.go:570.3,571.47 2 0
explorer/internal/api/handlers.go:571.47,572.82 1 0
explorer/internal/api/handlers.go:572.82,574.18 2 0
explorer/internal/api/handlers.go:574.18,577.6 2 0
explorer/internal/api/handlers.go:582.2,582.28 1 0
explorer/internal/api/handlers.go:582.28,587.33 3 0
explorer/internal/api/handlers.go:587.33,590.4 2 0
explorer/internal/api/handlers.go:592.3,594.9 3 0
explorer/internal/api/handlers.go:597.2,597.49 1 0
explorer/internal/api/handlers.go:600.49,603.2 2 1
explorer/internal/api/handlers.go:605.38,606.46 1 0
explorer/internal/api/handlers.go:606.46,607.77 1 0
explorer/internal/api/handlers.go:607.77,609.4 1 0
explorer/internal/api/handlers.go:611.2,611.21 1 0
explorer/internal/api/handlers.go:614.48,615.47 1 0
explorer/internal/api/handlers.go:615.47,616.62 1 0
explorer/internal/api/handlers.go:616.62,618.4 1 0
explorer/internal/api/handlers.go:620.2,620.12 1 0
explorer/internal/api/handlers.go:623.71,625.13 2 0
explorer/internal/api/handlers.go:625.13,627.3 1 0
explorer/internal/api/handlers.go:629.2,630.31 2 0
explorer/internal/api/handlers.go:630.31,635.3 2 0
explorer/internal/api/handlers.go:637.2,641.3 1 0
explorer/internal/api/handlers.go:644.76,648.16 3 0
explorer/internal/api/handlers.go:648.16,652.3 3 0
explorer/internal/api/handlers.go:654.2,655.16 2 0
explorer/internal/api/handlers.go:655.16,659.3 3 0
explorer/internal/api/handlers.go:661.2,661.82 1 0
explorer/internal/api/handlers.go:664.78,666.2 1 0
explorer/internal/api/handlers.go:668.79,672.16 3 0
explorer/internal/api/handlers.go:672.16,676.3 3 0
explorer/internal/api/handlers.go:678.2,678.22 1 0
explorer/internal/api/handlers.go:678.22,682.3 3 0
explorer/internal/api/handlers.go:684.2,684.78 1 0
explorer/internal/api/handlers.go:687.74,693.19 5 0
explorer/internal/api/handlers.go:693.19,694.59 1 0
explorer/internal/api/handlers.go:694.59,696.4 1 0
explorer/internal/api/handlers.go:699.2,700.23 2 0
explorer/internal/api/handlers.go:700.23,701.78 1 0
explorer/internal/api/handlers.go:701.78,703.4 1 0
explorer/internal/api/handlers.go:706.2,708.16 3 0
explorer/internal/api/handlers.go:708.16,711.3 2 0
explorer/internal/api/handlers.go:713.2,713.19 1 0
explorer/internal/api/handlers.go:713.19,715.3 1 0
explorer/internal/api/handlers.go:717.2,718.29 2 0
explorer/internal/api/handlers.go:718.29,720.3 1 0
explorer/internal/api/handlers.go:722.2,728.4 1 0
explorer/internal/api/handlers.go:731.73,733.35 2 0
explorer/internal/api/handlers.go:733.35,736.3 2 0
explorer/internal/api/handlers.go:737.2,740.16 3 0
explorer/internal/api/handlers.go:740.16,743.3 2 0
explorer/internal/api/handlers.go:744.2,744.18 1 0
explorer/internal/api/handlers.go:744.18,747.3 2 0
explorer/internal/api/handlers.go:749.2,749.21 1 0
explorer/internal/api/handlers.go:752.80,754.35 2 0
explorer/internal/api/handlers.go:754.35,757.3 2 0
explorer/internal/api/handlers.go:758.2,764.19 5 0
explorer/internal/api/handlers.go:764.19,765.59 1 0
explorer/internal/api/handlers.go:765.59,767.4 1 0
explorer/internal/api/handlers.go:770.2,771.23 2 0
explorer/internal/api/handlers.go:771.23,772.78 1 0
explorer/internal/api/handlers.go:772.78,774.4 1 0
explorer/internal/api/handlers.go:777.2,779.16 3 0
explorer/internal/api/handlers.go:779.16,782.3 2 0
explorer/internal/api/handlers.go:784.2,784.20 1 0
explorer/internal/api/handlers.go:784.20,786.3 1 0
explorer/internal/api/handlers.go:788.2,789.29 2 0
explorer/internal/api/handlers.go:789.29,791.3 1 0
explorer/internal/api/handlers.go:793.2,799.4 1 0
explorer/internal/api/handlers.go:802.82,804.35 2 0
explorer/internal/api/handlers.go:804.35,807.3 2 0
explorer/internal/api/handlers.go:808.2,814.19 5 0
explorer/internal/api/handlers.go:814.19,815.59 1 0
explorer/internal/api/handlers.go:815.59,817.4 1 0
explorer/internal/api/handlers.go:820.2,821.23 2 0
explorer/internal/api/handlers.go:821.23,822.78 1 0
explorer/internal/api/handlers.go:822.78,824.4 1 0
explorer/internal/api/handlers.go:827.2,829.16 3 0
explorer/internal/api/handlers.go:829.16,832.3 2 0
explorer/internal/api/handlers.go:834.2,834.22 1 0
explorer/internal/api/handlers.go:834.22,836.3 1 0
explorer/internal/api/handlers.go:838.2,839.29 2 0
explorer/internal/api/handlers.go:839.29,841.3 1 0
explorer/internal/api/handlers.go:843.2,849.4 1 0
explorer/internal/api/handlers.go:852.80,857.19 4 0
explorer/internal/api/handlers.go:857.19,858.59 1 0
explorer/internal/api/handlers.go:858.59,860.4 1 0
explorer/internal/api/handlers.go:863.2,864.23 2 0
explorer/internal/api/handlers.go:864.23,865.78 1 0
explorer/internal/api/handlers.go:865.78,867.4 1 0
explorer/internal/api/handlers.go:870.2,872.16 3 0
explorer/internal/api/handlers.go:872.16,875.3 2 0
explorer/internal/api/handlers.go:877.2,877.22 1 0
explorer/internal/api/handlers.go:877.22,879.3 1 0
explorer/internal/api/handlers.go:881.2,882.29 2 0
explorer/internal/api/handlers.go:882.29,884.3 1 0
explorer/internal/api/handlers.go:886.2,892.4 1 0
explorer/internal/api/handlers.go:895.90,897.36 2 0
explorer/internal/api/handlers.go:897.36,899.3 1 0
explorer/internal/api/handlers.go:901.2,902.16 2 0
explorer/internal/api/handlers.go:902.16,905.3 2 0
explorer/internal/api/handlers.go:907.2,907.24 1 0
explorer/internal/api/handlers.go:907.24,909.3 1 0
explorer/internal/api/handlers.go:911.2,911.27 1 0
explorer/internal/api/handlers.go:914.86,916.35 2 0
explorer/internal/api/handlers.go:916.35,919.3 2 0
explorer/internal/api/handlers.go:920.2,926.19 5 0
explorer/internal/api/handlers.go:926.19,927.59 1 0
explorer/internal/api/handlers.go:927.59,929.4 1 0
explorer/internal/api/handlers.go:932.2,933.23 2 0
explorer/internal/api/handlers.go:933.23,934.78 1 0
explorer/internal/api/handlers.go:934.78,936.4 1 0
explorer/internal/api/handlers.go:939.2,941.16 3 0
explorer/internal/api/handlers.go:941.16,944.3 2 0
explorer/internal/api/handlers.go:946.2,946.24 1 0
explorer/internal/api/handlers.go:946.24,948.3 1 0
explorer/internal/api/handlers.go:950.2,951.29 2 0
explorer/internal/api/handlers.go:951.29,953.3 1 0
explorer/internal/api/handlers.go:955.2,961.4 1 0
explorer/internal/api/handlers.go:964.72,974.57 8 0
explorer/internal/api/handlers.go:974.57,977.3 2 0
explorer/internal/api/handlers.go:978.2,978.21 1 0
explorer/internal/api/handlers.go:978.21,980.3 1 0
explorer/internal/api/handlers.go:981.2,981.24 1 0
explorer/internal/api/handlers.go:981.24,982.69 1 0
explorer/internal/api/handlers.go:982.69,984.4 1 0
explorer/internal/api/handlers.go:986.2,986.22 1 0
explorer/internal/api/handlers.go:986.22,987.67 1 0
explorer/internal/api/handlers.go:987.67,989.4 1 0
explorer/internal/api/handlers.go:992.2,993.20 2 0
explorer/internal/api/handlers.go:993.20,994.73 1 0
explorer/internal/api/handlers.go:994.73,996.4 1 0
explorer/internal/api/handlers.go:999.2,1000.16 2 0
explorer/internal/api/handlers.go:1000.16,1003.3 2 0
explorer/internal/api/handlers.go:1005.2,1005.17 1 0
explorer/internal/api/handlers.go:1005.17,1007.3 1 0
explorer/internal/api/handlers.go:1009.2,1009.20 1 0
explorer/internal/api/handlers.go:1012.78,1014.16 2 0
explorer/internal/api/handlers.go:1014.16,1017.3 2 0
explorer/internal/api/handlers.go:1019.2,1020.16 2 0
explorer/internal/api/handlers.go:1020.16,1023.3 2 0
explorer/internal/api/handlers.go:1025.2,1030.4 1 0
explorer/internal/api/handlers.go:1033.79,1035.35 2 0
explorer/internal/api/handlers.go:1035.35,1038.3 2 0
explorer/internal/api/handlers.go:1039.2,1045.19 5 0
explorer/internal/api/handlers.go:1045.19,1046.59 1 0
explorer/internal/api/handlers.go:1046.59,1048.4 1 0
explorer/internal/api/handlers.go:1051.2,1052.23 2 0
explorer/internal/api/handlers.go:1052.23,1053.78 1 0
explorer/internal/api/handlers.go:1053.78,1055.4 1 0
explorer/internal/api/handlers.go:1058.2,1060.16 3 0
explorer/internal/api/handlers.go:1060.16,1063.3 2 0
explorer/internal/api/handlers.go:1065.2,1065.17 1 0
explorer/internal/api/handlers.go:1065.17,1067.3 1 0
explorer/internal/api/handlers.go:1069.2,1070.29 2 0
explorer/internal/api/handlers.go:1070.29,1072.3 1 0
explorer/internal/api/handlers.go:1074.2,1080.4 1 0
explorer/internal/api/handlers.go:1083.88,1085.35 2 0
explorer/internal/api/handlers.go:1085.35,1088.3 2 0
explorer/internal/api/handlers.go:1089.2,1092.16 3 0
explorer/internal/api/handlers.go:1092.16,1095.3 2 0
explorer/internal/api/handlers.go:1097.2,1097.21 1 0
explorer/internal/api/handlers.go:1097.21,1099.3 1 0
explorer/internal/api/handlers.go:1101.2,1101.24 1 0
explorer/internal/api/handlers.go:1104.78,1106.35 2 0
explorer/internal/api/handlers.go:1106.35,1109.3 2 0
explorer/internal/api/handlers.go:1110.2,1113.22 3 0
explorer/internal/api/handlers.go:1113.22,1116.35 2 0
explorer/internal/api/handlers.go:1116.35,1118.4 1 0
explorer/internal/api/handlers.go:1118.9,1120.4 1 0
explorer/internal/api/handlers.go:1124.2,1124.65 1 0
explorer/internal/api/handlers.go:1124.65,1127.3 2 0
explorer/internal/api/handlers.go:1129.2,1131.16 3 0
explorer/internal/api/handlers.go:1131.16,1134.3 2 0
explorer/internal/api/handlers.go:1135.2,1137.28 2 0
explorer/internal/api/handlers.go:1137.28,1140.3 2 0
explorer/internal/api/handlers.go:1142.2,1142.28 1 0
explorer/internal/api/handlers.go:1142.28,1146.3 3 0
explorer/internal/api/handlers.go:1148.2,1153.74 2 0
explorer/internal/api/handlers.go:1153.74,1156.3 2 0
explorer/internal/api/handlers.go:1158.2,1163.37 5 0
explorer/internal/api/handlers.go:1163.37,1164.35 1 0
explorer/internal/api/handlers.go:1164.35,1176.74 2 0
explorer/internal/api/handlers.go:1176.74,1179.62 3 0
explorer/internal/api/handlers.go:1179.62,1181.11 2 0
explorer/internal/api/handlers.go:1185.3,1185.63 1 0
explorer/internal/api/handlers.go:1185.63,1187.4 1 0
explorer/internal/api/handlers.go:1190.2,1190.19 1 0
explorer/internal/api/handlers.go:1190.19,1193.3 2 0
explorer/internal/api/handlers.go:1195.2,1195.136 1 0
explorer/internal/api/handlers.go:1195.136,1198.3 2 0
explorer/internal/api/handlers.go:1200.2,1206.4 1 0
explorer/internal/api/handlers.go:1209.40,1218.2 2 0
explorer/internal/api/handlers.go:1220.79,1231.61 2 0
explorer/internal/api/handlers.go:1231.61,1234.3 2 0
explorer/internal/api/handlers.go:1236.2,1236.39 1 0
explorer/internal/api/handlers.go:1236.39,1239.3 2 0
explorer/internal/api/handlers.go:1241.2,1241.52 1 0
explorer/internal/api/handlers.go:1241.52,1244.3 2 0
explorer/internal/api/handlers.go:1246.2,1246.23 1 0
explorer/internal/api/handlers.go:1246.23,1248.3 1 0
explorer/internal/api/handlers.go:1251.2,1251.31 1 0
explorer/internal/api/handlers.go:1251.31,1253.23 2 0
explorer/internal/api/handlers.go:1253.23,1255.4 1 0
explorer/internal/api/handlers.go:1255.9,1257.4 1 0
explorer/internal/api/handlers.go:1259.3,1259.168 1 0
explorer/internal/api/handlers.go:1259.168,1262.4 2 0
explorer/internal/api/handlers.go:1264.3,1270.9 2 0
explorer/internal/api/handlers.go:1273.2,1283.16 4 0
explorer/internal/api/handlers.go:1283.16,1286.3 2 0
explorer/internal/api/handlers.go:1287.2,1291.28 3 0
explorer/internal/api/handlers.go:1291.28,1294.3 2 0
explorer/internal/api/handlers.go:1296.2,1302.58 2 0
explorer/internal/api/handlers.go:1302.58,1305.3 2 0
explorer/internal/api/handlers.go:1307.2,1307.29 1 0
explorer/internal/api/handlers.go:1307.29,1310.3 2 0
explorer/internal/api/handlers.go:1312.2,1313.48 2 0
explorer/internal/api/handlers.go:1313.48,1316.3 2 0
explorer/internal/api/handlers.go:1318.2,1320.47 3 0
explorer/internal/api/handlers.go:1320.47,1326.68 3 0
explorer/internal/api/handlers.go:1326.68,1329.39 3 0
explorer/internal/api/handlers.go:1329.39,1330.37 1 0
explorer/internal/api/handlers.go:1330.37,1339.64 2 0
explorer/internal/api/handlers.go:1339.64,1342.7 2 0
explorer/internal/api/handlers.go:1345.4,1345.20 1 0
explorer/internal/api/handlers.go:1345.20,1347.5 1 0
explorer/internal/api/handlers.go:1351.2,1355.4 1 0
explorer/internal/api/handlers.go:1358.79,1359.23 1 0
explorer/internal/api/handlers.go:1359.23,1362.3 2 0
explorer/internal/api/handlers.go:1364.2,1365.16 2 0
explorer/internal/api/handlers.go:1365.16,1368.3 2 0
explorer/internal/api/handlers.go:1370.2,1371.16 2 0
explorer/internal/api/handlers.go:1371.16,1374.3 2 0
explorer/internal/api/handlers.go:1376.2,1376.22 1 0
explorer/internal/api/handlers.go:1379.83,1380.23 1 0
explorer/internal/api/handlers.go:1380.23,1383.3 2 0
explorer/internal/api/handlers.go:1385.2,1386.16 2 0
explorer/internal/api/handlers.go:1386.16,1389.3 2 0
explorer/internal/api/handlers.go:1391.2,1392.16 2 0
explorer/internal/api/handlers.go:1392.16,1395.3 2 0
explorer/internal/api/handlers.go:1397.2,1397.22 1 0
explorer/internal/api/handlers.go:1400.78,1401.23 1 0
explorer/internal/api/handlers.go:1401.23,1407.3 2 0
explorer/internal/api/handlers.go:1409.2,1412.4 2 0
explorer/internal/api/handlers.go:1415.78,1417.35 2 0
explorer/internal/api/handlers.go:1417.35,1420.3 2 0
explorer/internal/api/handlers.go:1421.2,1424.22 3 0
explorer/internal/api/handlers.go:1424.22,1427.35 2 0
explorer/internal/api/handlers.go:1427.35,1429.4 1 0
explorer/internal/api/handlers.go:1429.9,1431.4 1 0
explorer/internal/api/handlers.go:1434.2,1434.30 1 0
explorer/internal/api/handlers.go:1434.30,1436.17 2 0
explorer/internal/api/handlers.go:1436.17,1439.4 2 0
explorer/internal/api/handlers.go:1441.3,1443.17 3 0
explorer/internal/api/handlers.go:1443.17,1445.4 1 0
explorer/internal/api/handlers.go:1447.3,1453.9 2 0
explorer/internal/api/handlers.go:1457.2,1457.65 1 0
explorer/internal/api/handlers.go:1457.65,1460.3 2 0
explorer/internal/api/handlers.go:1462.2,1464.16 3 0
explorer/internal/api/handlers.go:1464.16,1467.3 2 0
explorer/internal/api/handlers.go:1468.2,1477.67 3 0
explorer/internal/api/handlers.go:1477.67,1480.3 2 0
explorer/internal/api/handlers.go:1482.2,1484.52 3 0
explorer/internal/api/handlers.go:1484.52,1487.3 2 0
explorer/internal/api/handlers.go:1489.2,1494.4 1 0
explorer/internal/api/metrics.go:27.28,77.2 1 0
explorer/internal/api/metrics.go:79.98,82.2 2 0
explorer/internal/api/metrics.go:84.47,86.2 1 0
explorer/internal/api/metrics.go:88.60,91.2 2 0
explorer/internal/api/metrics.go:93.41,95.2 1 0
explorer/internal/api/metrics.go:97.75,99.2 1 0
explorer/internal/api/metrics.go:101.42,103.2 1 0
explorer/internal/api/metrics.go:105.74,106.46 1 0
explorer/internal/api/metrics.go:106.46,107.72 1 0
explorer/internal/api/metrics.go:107.72,116.21 6 0
explorer/internal/api/metrics.go:116.21,118.5 1 0
explorer/internal/api/metrics.go:120.4,120.82 1 0
explorer/internal/api/metrics.go:130.49,133.2 2 0
explorer/internal/api/metrics.go:135.53,136.71 1 0
explorer/internal/api/metrics.go:136.71,137.33 1 0
explorer/internal/api/metrics.go:137.33,140.4 2 0
explorer/internal/api/metrics.go:142.3,149.18 3 0
explorer/internal/api/metrics.go:149.18,151.4 1 0
explorer/internal/api/metrics.go:153.3,153.24 1 0
explorer/internal/api/metrics.go:153.24,157.45 3 0
explorer/internal/api/metrics.go:157.45,160.5 2 0
explorer/internal/api/metrics.go:163.3,163.26 1 0
explorer/internal/api/metrics.go:163.26,165.4 1 0
explorer/internal/api/metrics.go:166.3,166.20 1 0
explorer/internal/api/metrics.go:177.53,179.2 1 0
explorer/internal/api/metrics.go:181.60,184.2 2 0
explorer/internal/api/metrics.go:186.40,188.25 2 0
explorer/internal/api/metrics.go:188.25,190.3 1 0
explorer/internal/api/metrics.go:191.2,191.57 1 0
explorer/internal/api/privacy_handlers.go:16.76,20.2 1 1
explorer/internal/api/privacy_handlers.go:22.85,25.22 2 1
explorer/internal/api/privacy_handlers.go:25.22,28.3 2 1
explorer/internal/api/privacy_handlers.go:30.2,30.34 1 0
explorer/internal/api/privacy_handlers.go:30.34,37.3 2 0
explorer/internal/api/privacy_handlers.go:39.2,40.16 2 0
explorer/internal/api/privacy_handlers.go:40.16,43.3 2 0
explorer/internal/api/privacy_handlers.go:45.2,45.22 1 0
explorer/internal/api/privacy_handlers.go:48.87,51.22 2 1
explorer/internal/api/privacy_handlers.go:51.22,54.3 2 1
explorer/internal/api/privacy_handlers.go:56.2,57.19 2 0
explorer/internal/api/privacy_handlers.go:57.19,60.3 2 0
explorer/internal/api/privacy_handlers.go:62.2,62.34 1 0
explorer/internal/api/privacy_handlers.go:62.34,70.3 2 0
explorer/internal/api/privacy_handlers.go:72.2,73.16 2 0
explorer/internal/api/privacy_handlers.go:73.16,76.3 2 0
explorer/internal/api/privacy_handlers.go:78.2,78.22 1 0
explorer/internal/api/privacy_handlers.go:81.84,84.22 2 1
explorer/internal/api/privacy_handlers.go:84.22,87.3 2 1
explorer/internal/api/privacy_handlers.go:89.2,92.61 2 0
explorer/internal/api/privacy_handlers.go:92.61,95.3 2 0
explorer/internal/api/privacy_handlers.go:97.2,97.29 1 0
explorer/internal/api/privacy_handlers.go:97.29,100.3 2 0
explorer/internal/api/privacy_handlers.go:102.2,102.30 1 0
explorer/internal/api/privacy_handlers.go:102.30,105.3 2 0
explorer/internal/api/privacy_handlers.go:107.2,107.34 1 0
explorer/internal/api/privacy_handlers.go:107.34,109.38 2 0
explorer/internal/api/privacy_handlers.go:109.38,116.4 1 0
explorer/internal/api/privacy_handlers.go:117.3,118.9 2 0
explorer/internal/api/privacy_handlers.go:121.2,122.16 2 0
explorer/internal/api/privacy_handlers.go:122.16,125.3 2 0
explorer/internal/api/privacy_handlers.go:127.2,127.50 1 0
explorer/internal/api/privacy_handlers.go:132.101,133.34 1 1
explorer/internal/api/privacy_handlers.go:133.34,135.3 1 1
explorer/internal/api/privacy_handlers.go:137.2,138.22 2 1
explorer/internal/api/privacy_handlers.go:138.22,140.3 1 1
explorer/internal/api/privacy_handlers.go:142.2,143.16 2 0
explorer/internal/api/privacy_handlers.go:143.16,151.3 1 0
explorer/internal/api/privacy_handlers.go:153.2,153.12 1 0
explorer/internal/api/privacy_handlers.go:156.114,160.54 3 1
explorer/internal/api/privacy_handlers.go:160.54,161.34 1 1
explorer/internal/api/privacy_handlers.go:161.34,167.4 1 1
explorer/internal/api/privacy_handlers.go:168.3,168.16 1 1
explorer/internal/api/privacy_handlers.go:171.2,172.16 2 0
explorer/internal/api/privacy_handlers.go:172.16,174.34 1 0
explorer/internal/api/privacy_handlers.go:174.34,180.4 1 0
explorer/internal/api/privacy_handlers.go:181.3,181.16 1 0
explorer/internal/api/privacy_handlers.go:184.2,184.33 1 0
explorer/internal/api/privacy_handlers.go:184.33,186.26 2 0
explorer/internal/api/privacy_handlers.go:186.26,192.4 1 0
explorer/internal/api/privacy_handlers.go:192.9,194.75 2 0
explorer/internal/api/privacy_handlers.go:194.75,196.5 1 0
explorer/internal/api/privacy_handlers.go:197.4,202.5 1 0
explorer/internal/api/privacy_handlers.go:206.2,206.15 1 0
explorer/internal/api/privacy_handlers.go:228.82,232.38 3 1
explorer/internal/api/privacy_handlers.go:232.38,235.3 2 1
explorer/internal/api/privacy_handlers.go:238.2,239.22 2 1
explorer/internal/api/privacy_handlers.go:239.22,242.3 2 0
explorer/internal/api/privacy_handlers.go:244.2,244.34 1 1
explorer/internal/api/privacy_handlers.go:244.34,247.3 2 1
explorer/internal/api/privacy_handlers.go:249.2,250.16 2 1
explorer/internal/api/privacy_handlers.go:250.16,252.44 2 1
explorer/internal/api/privacy_handlers.go:252.44,255.4 2 1
explorer/internal/api/privacy_handlers.go:256.3,256.126 1 1
explorer/internal/api/privacy_handlers.go:256.126,259.4 2 1
explorer/internal/api/privacy_handlers.go:260.3,261.9 2 0
explorer/internal/api/privacy_handlers.go:264.2,267.16 3 0
explorer/internal/api/privacy_handlers.go:267.16,270.3 2 0
explorer/internal/api/privacy_handlers.go:272.2,273.16 2 0
explorer/internal/api/privacy_handlers.go:273.16,276.3 2 0
explorer/internal/api/privacy_handlers.go:278.2,279.16 2 0
explorer/internal/api/privacy_handlers.go:279.16,282.3 2 0
explorer/internal/api/privacy_handlers.go:285.2,286.34 2 0
explorer/internal/api/privacy_handlers.go:287.14,288.40 1 0
explorer/internal/api/privacy_handlers.go:289.22,291.27 2 0
explorer/internal/api/privacy_handlers.go:291.27,293.4 1 0
explorer/internal/api/privacy_handlers.go:294.18,295.32 1 0
explorer/internal/api/privacy_handlers.go:296.10,298.32 1 0
explorer/internal/api/privacy_handlers.go:301.2,310.24 2 0
explorer/internal/api/privacy_handlers.go:336.94,340.38 3 0
explorer/internal/api/privacy_handlers.go:340.38,343.3 2 0
explorer/internal/api/privacy_handlers.go:346.2,347.22 2 0
explorer/internal/api/privacy_handlers.go:347.22,350.3 2 0
explorer/internal/api/privacy_handlers.go:352.2,352.34 1 0
explorer/internal/api/privacy_handlers.go:352.34,355.3 2 0
explorer/internal/api/privacy_handlers.go:357.2,358.16 2 0
explorer/internal/api/privacy_handlers.go:358.16,360.44 2 0
explorer/internal/api/privacy_handlers.go:360.44,363.4 2 0
explorer/internal/api/privacy_handlers.go:364.3,364.126 1 0
explorer/internal/api/privacy_handlers.go:364.126,367.4 2 0
explorer/internal/api/privacy_handlers.go:368.3,369.9 2 0
explorer/internal/api/privacy_handlers.go:372.2,372.44 1 0
explorer/internal/api/privacy_handlers.go:372.44,380.3 2 0
explorer/internal/api/privacy_handlers.go:382.2,390.16 6 0
explorer/internal/api/privacy_handlers.go:390.16,393.3 2 0
explorer/internal/api/privacy_handlers.go:395.2,396.13 2 0
explorer/internal/api/privacy_handlers.go:396.13,398.3 1 0
explorer/internal/api/privacy_handlers.go:400.2,401.48 2 0
explorer/internal/api/privacy_handlers.go:401.48,403.31 2 0
explorer/internal/api/privacy_handlers.go:403.31,405.4 1 0
explorer/internal/api/privacy_handlers.go:408.2,414.51 4 0
explorer/internal/api/privacy_handlers.go:414.51,415.41 1 0
explorer/internal/api/privacy_handlers.go:415.41,417.4 1 0
explorer/internal/api/privacy_handlers.go:418.3,419.67 2 0
explorer/internal/api/privacy_handlers.go:419.67,421.4 1 0
explorer/internal/api/privacy_handlers.go:422.3,426.16 5 0
explorer/internal/api/privacy_handlers.go:429.2,432.25 3 0
explorer/internal/api/privacy_handlers.go:432.25,441.41 2 0
explorer/internal/api/privacy_handlers.go:441.41,443.4 1 0
explorer/internal/api/privacy_handlers.go:445.3,445.54 1 0
explorer/internal/api/privacy_handlers.go:445.54,447.4 1 0
explorer/internal/api/privacy_handlers.go:447.9,449.4 1 0
explorer/internal/api/privacy_handlers.go:451.3,451.19 1 0
explorer/internal/api/privacy_handlers.go:451.19,452.54 1 0
explorer/internal/api/privacy_handlers.go:452.54,455.5 2 0
explorer/internal/api/privacy_handlers.go:455.10,458.5 2 0
explorer/internal/api/privacy_handlers.go:461.3,463.39 3 0
explorer/internal/api/privacy_handlers.go:463.39,465.4 1 0
explorer/internal/api/privacy_handlers.go:465.9,465.29 1 0
explorer/internal/api/privacy_handlers.go:465.29,467.4 1 0
explorer/internal/api/privacy_handlers.go:467.9,469.4 1 0
explorer/internal/api/privacy_handlers.go:471.3,471.42 1 0
explorer/internal/api/privacy_handlers.go:474.2,479.4 1 0
explorer/internal/api/privacy_handlers.go:484.77,491.2 6 0
explorer/internal/api/privacy_middleware.go:12.75,13.71 1 1
explorer/internal/api/privacy_middleware.go:13.71,15.20 2 0
explorer/internal/api/privacy_middleware.go:15.20,18.4 2 0
explorer/internal/api/privacy_middleware.go:20.3,21.33 2 0
explorer/internal/api/privacy_middleware.go:21.33,24.4 2 0
explorer/internal/api/privacy_middleware.go:26.3,26.23 1 0
explorer/internal/api/server.go:47.223,60.38 2 1
explorer/internal/api/server.go:60.38,62.3 1 0
explorer/internal/api/server.go:64.2,64.21 1 1
explorer/internal/api/server.go:64.21,67.3 2 0
explorer/internal/api/server.go:69.2,69.38 1 1
explorer/internal/api/server.go:69.38,74.3 1 0
explorer/internal/api/server.go:76.2,79.10 3 1
explorer/internal/api/server.go:82.32,87.22 4 1
explorer/internal/api/server.go:87.22,89.3 1 0
explorer/internal/api/server.go:91.2,92.46 1 1
explorer/internal/api/server.go:92.46,92.61 1 1
explorer/internal/api/server.go:97.2,100.51 3 1
explorer/internal/api/server.go:100.51,102.3 1 0
explorer/internal/api/server.go:104.2,108.22 4 1
explorer/internal/api/server.go:108.22,110.3 1 0
explorer/internal/api/server.go:112.2,112.20 1 1
explorer/internal/api/server.go:112.20,114.3 1 0
explorer/internal/api/server.go:117.2,117.44 1 1
explorer/internal/api/server.go:117.44,119.3 1 1
explorer/internal/api/server.go:120.2,120.47 1 1
explorer/internal/api/server.go:120.47,122.3 1 1
explorer/internal/api/server.go:124.2,124.47 1 1
explorer/internal/api/server.go:124.47,126.3 1 1
explorer/internal/api/server.go:128.2,128.51 1 1
explorer/internal/api/server.go:128.51,129.50 1 0
explorer/internal/api/server.go:129.50,134.4 4 0
explorer/internal/api/server.go:137.2,137.59 1 1
explorer/internal/api/server.go:137.59,138.53 1 0
explorer/internal/api/server.go:138.53,144.4 5 0
explorer/internal/api/server.go:148.47,157.40 8 1
explorer/internal/api/server.go:157.40,162.3 4 1
explorer/internal/api/server.go:164.2,164.46 1 1
explorer/internal/api/server.go:164.46,170.3 5 1
explorer/internal/api/server.go:172.2,172.53 1 1
explorer/internal/api/server.go:172.53,184.3 11 1
explorer/internal/api/server.go:186.2,186.40 1 1
explorer/internal/api/server.go:186.40,190.3 3 1
explorer/internal/api/server.go:192.2,192.40 1 1
explorer/internal/api/server.go:192.40,194.44 2 1
explorer/internal/api/server.go:194.44,199.4 4 1
explorer/internal/api/server.go:202.2,204.41 3 1
explorer/internal/api/server.go:207.49,210.2 1 1
explorer/internal/api/server.go:212.51,213.20 1 0
explorer/internal/api/server.go:213.20,215.3 1 0
explorer/internal/api/server.go:217.2,222.12 2 0
explorer/internal/api/server.go:222.12,227.3 4 0
explorer/internal/api/server.go:229.2,229.29 1 0
explorer/internal/api/websocket_handler.go:16.42,18.3 1 0
explorer/internal/api/websocket_handler.go:21.74,22.20 1 0
explorer/internal/api/websocket_handler.go:22.20,25.3 2 0
explorer/internal/api/websocket_handler.go:27.2,28.16 2 0
explorer/internal/api/websocket_handler.go:28.16,31.3 2 0
explorer/internal/api/websocket_handler.go:33.2,38.22 4 0
explorer/internal/verifier/bytecode.go:20.85,25.74 4 1
explorer/internal/verifier/bytecode.go:25.74,27.3 1 1
explorer/internal/verifier/bytecode.go:29.2,34.64 2 1
explorer/internal/verifier/bytecode.go:34.64,36.3 1 1
explorer/internal/verifier/bytecode.go:37.2,37.66 1 1
explorer/internal/verifier/bytecode.go:37.66,39.3 1 1
explorer/internal/verifier/bytecode.go:41.2,41.25 1 1
explorer/internal/verifier/bytecode.go:41.25,44.3 2 1
explorer/internal/verifier/bytecode.go:46.2,49.92 3 1
explorer/internal/verifier/bytecode.go:49.92,53.3 3 1
explorer/internal/verifier/bytecode.go:55.2,56.15 2 1
explorer/internal/verifier/bytecode.go:60.44,61.24 1 1
explorer/internal/verifier/bytecode.go:61.24,63.3 1 1
explorer/internal/verifier/bytecode.go:67.2,70.15 3 1
explorer/internal/verifier/bytecode.go:70.15,74.3 2 1
explorer/internal/verifier/bytecode.go:76.2,76.15 1 1
explorer/internal/verifier/bytecode.go:76.15,78.3 1 1
explorer/internal/verifier/bytecode.go:80.2,80.23 1 1
explorer/internal/verifier/bytecode.go:83.50,86.24 2 0
explorer/internal/verifier/bytecode.go:86.24,88.3 1 0
explorer/internal/verifier/bytecode.go:90.2,93.42 3 0
explorer/internal/verifier/bytecode.go:93.42,97.36 2 0
explorer/internal/verifier/bytecode.go:97.36,99.4 1 0
explorer/internal/verifier/bytecode.go:102.2,105.42 3 0
explorer/internal/verifier/bytecode.go:105.42,107.36 2 0
explorer/internal/verifier/bytecode.go:107.36,109.4 1 0
explorer/internal/verifier/bytecode.go:112.2,112.11 1 0
explorer/internal/verifier/bytecode.go:115.43,118.16 3 1
explorer/internal/verifier/bytecode.go:118.16,120.3 1 0
explorer/internal/verifier/bytecode.go:121.2,121.58 1 1
explorer/internal/verifier/bytecode.go:124.48,127.2 2 1
explorer/internal/verifier/compiler.go:19.50,25.2 1 1
explorer/internal/verifier/compiler.go:27.96,29.16 2 1
explorer/internal/verifier/compiler.go:29.16,31.3 1 0
explorer/internal/verifier/compiler.go:33.2,43.34 8 1
explorer/internal/verifier/compiler.go:43.34,44.44 1 0
explorer/internal/verifier/compiler.go:44.44,46.4 1 0
explorer/internal/verifier/compiler.go:47.3,48.149 2 0
explorer/internal/verifier/compiler.go:48.149,50.4 1 0
explorer/internal/verifier/compiler.go:51.3,51.62 1 0
explorer/internal/verifier/compiler.go:54.2,55.64 2 1
explorer/internal/verifier/compiler.go:55.64,57.3 1 0
explorer/internal/verifier/compiler.go:59.2,59.21 1 1
explorer/internal/verifier/compiler.go:62.212,79.41 2 1
explorer/internal/verifier/compiler.go:79.41,81.3 1 1
explorer/internal/verifier/compiler.go:83.2,83.22 1 1
explorer/internal/verifier/compiler.go:83.22,85.3 1 0
explorer/internal/verifier/compiler.go:87.2,87.24 1 1
explorer/internal/verifier/compiler.go:87.24,89.37 2 0
explorer/internal/verifier/compiler.go:89.37,93.23 3 0
explorer/internal/verifier/compiler.go:93.23,96.5 2 0
explorer/internal/verifier/compiler.go:96.10,99.5 2 0
explorer/internal/verifier/compiler.go:101.4,101.49 1 0
explorer/internal/verifier/compiler.go:101.49,103.5 1 0
explorer/internal/verifier/compiler.go:104.4,104.54 1 0
explorer/internal/verifier/compiler.go:108.2,108.30 1 1
explorer/internal/verifier/compiler.go:111.117,113.60 2 1
explorer/internal/verifier/compiler.go:113.60,115.3 1 1
explorer/internal/verifier/compiler.go:117.2,117.35 1 1
explorer/internal/verifier/compiler.go:117.35,119.3 1 1
explorer/internal/verifier/compiler.go:120.2,120.34 1 1
explorer/internal/verifier/compiler.go:120.34,122.3 1 1
explorer/internal/verifier/compiler.go:124.2,127.16 3 1
explorer/internal/verifier/compiler.go:127.16,129.3 1 0
explorer/internal/verifier/compiler.go:131.2,141.34 8 1
explorer/internal/verifier/compiler.go:141.34,142.44 1 0
explorer/internal/verifier/compiler.go:142.44,144.4 1 0
explorer/internal/verifier/compiler.go:145.3,146.149 2 0
explorer/internal/verifier/compiler.go:146.149,148.4 1 0
explorer/internal/verifier/compiler.go:149.3,149.62 1 0
explorer/internal/verifier/compiler.go:152.2,153.64 2 1
explorer/internal/verifier/compiler.go:153.64,155.3 1 0
explorer/internal/verifier/compiler.go:157.2,157.21 1 1
explorer/internal/verifier/compiler.go:160.89,165.17 4 1
explorer/internal/verifier/compiler.go:165.17,166.64 1 1
explorer/internal/verifier/compiler.go:166.64,168.4 1 0
explorer/internal/verifier/compiler.go:169.8,171.3 1 1
explorer/internal/verifier/compiler.go:173.2,175.11 3 1
explorer/internal/verifier/compiler.go:175.11,176.65 1 1
explorer/internal/verifier/compiler.go:176.65,178.4 1 0
explorer/internal/verifier/compiler.go:179.8,181.3 1 1
explorer/internal/verifier/compiler.go:183.2,183.40 1 1
explorer/internal/verifier/compiler.go:183.40,185.3 1 1
explorer/internal/verifier/compiler.go:187.2,189.29 3 1
explorer/internal/verifier/compiler.go:189.29,191.3 1 1
explorer/internal/verifier/compiler.go:192.2,192.38 1 1
explorer/internal/verifier/compiler.go:192.38,193.24 1 1
explorer/internal/verifier/compiler.go:193.24,195.4 1 1
explorer/internal/verifier/compiler.go:197.2,205.14 6 1
explorer/internal/verifier/compiler.go:208.104,209.53 1 1
explorer/internal/verifier/compiler.go:209.53,210.50 1 1
explorer/internal/verifier/compiler.go:210.50,212.4 1 1
explorer/internal/verifier/compiler.go:215.2,216.58 2 1
explorer/internal/verifier/compiler.go:216.58,217.50 1 0
explorer/internal/verifier/compiler.go:217.50,219.4 1 0
explorer/internal/verifier/compiler.go:222.2,222.45 1 1
explorer/internal/verifier/compiler.go:222.45,223.50 1 1
explorer/internal/verifier/compiler.go:223.50,225.4 1 0
explorer/internal/verifier/compiler.go:228.2,228.85 1 1
explorer/internal/verifier/compiler.go:231.45,232.36 1 1
explorer/internal/verifier/compiler.go:232.36,233.30 1 1
explorer/internal/verifier/compiler.go:233.30,235.4 1 1
explorer/internal/verifier/compiler.go:237.2,237.14 1 1
explorer/internal/verifier/compiler.go:240.49,242.36 2 1
explorer/internal/verifier/compiler.go:242.36,243.30 1 1
explorer/internal/verifier/compiler.go:243.30,245.4 1 1
explorer/internal/verifier/compiler.go:247.2,247.15 1 1
explorer/internal/verifier/compiler.go:250.51,252.36 2 0
explorer/internal/verifier/compiler.go:252.36,253.32 1 0
explorer/internal/verifier/compiler.go:253.32,255.4 1 0
explorer/internal/verifier/compiler.go:257.2,257.17 1 0
explorer/internal/verifier/solc_manager.go:48.51,57.12 3 1
explorer/internal/verifier/solc_manager.go:57.12,59.3 1 1
explorer/internal/verifier/solc_manager.go:62.2,64.11 2 1
explorer/internal/verifier/solc_manager.go:67.38,71.6 3 1
explorer/internal/verifier/solc_manager.go:71.6,72.10 1 1
explorer/internal/verifier/solc_manager.go:73.19,74.26 1 0
explorer/internal/verifier/solc_manager.go:75.25,76.10 1 0
explorer/internal/verifier/solc_manager.go:81.44,83.16 2 1
explorer/internal/verifier/solc_manager.go:83.16,86.3 2 0
explorer/internal/verifier/solc_manager.go:87.2,89.38 2 0
explorer/internal/verifier/solc_manager.go:89.38,92.3 2 0
explorer/internal/verifier/solc_manager.go:94.2,95.69 2 0
explorer/internal/verifier/solc_manager.go:95.69,98.3 2 0
explorer/internal/verifier/solc_manager.go:101.2,102.36 2 0
explorer/internal/verifier/solc_manager.go:102.36,103.25 1 0
explorer/internal/verifier/solc_manager.go:103.25,105.4 1 0
explorer/internal/verifier/solc_manager.go:108.2,112.73 4 0
explorer/internal/verifier/solc_manager.go:115.39,119.56 3 1
explorer/internal/verifier/solc_manager.go:119.56,121.3 1 1
explorer/internal/verifier/solc_manager.go:123.2,124.16 2 0
explorer/internal/verifier/solc_manager.go:124.16,126.3 1 0
explorer/internal/verifier/solc_manager.go:128.2,130.32 2 0
explorer/internal/verifier/solc_manager.go:130.32,131.20 1 0
explorer/internal/verifier/solc_manager.go:131.20,132.12 1 0
explorer/internal/verifier/solc_manager.go:135.3,137.24 3 0
explorer/internal/verifier/solc_manager.go:137.24,140.4 2 0
explorer/internal/verifier/solc_manager.go:143.2,144.45 2 0
explorer/internal/verifier/solc_manager.go:144.45,145.68 1 0
explorer/internal/verifier/solc_manager.go:145.68,147.4 1 0
explorer/internal/verifier/solc_manager.go:151.74,154.16 3 0
explorer/internal/verifier/solc_manager.go:154.16,156.3 1 0
explorer/internal/verifier/solc_manager.go:158.2,160.23 3 0
explorer/internal/verifier/solc_manager.go:160.23,162.3 1 0
explorer/internal/verifier/solc_manager.go:164.2,164.24 1 0
explorer/internal/verifier/solc_manager.go:168.69,169.33 1 0
explorer/internal/verifier/solc_manager.go:169.33,170.44 1 0
explorer/internal/verifier/solc_manager.go:170.44,172.4 1 0
explorer/internal/verifier/solc_manager.go:174.2,174.12 1 0
explorer/internal/verifier/solc_manager.go:178.77,183.16 4 0
explorer/internal/verifier/solc_manager.go:183.16,185.3 1 0
explorer/internal/verifier/solc_manager.go:186.2,188.38 2 0
explorer/internal/verifier/solc_manager.go:188.38,190.3 1 0
explorer/internal/verifier/solc_manager.go:192.2,193.16 2 0
explorer/internal/verifier/solc_manager.go:193.16,195.3 1 0
explorer/internal/verifier/solc_manager.go:198.2,198.55 1 0
explorer/internal/verifier/solc_manager.go:198.55,200.3 1 0
explorer/internal/verifier/solc_manager.go:202.2,203.59 2 0
explorer/internal/verifier/solc_manager.go:203.59,205.3 1 0
explorer/internal/verifier/solc_manager.go:207.2,209.22 2 0
explorer/internal/verifier/solc_manager.go:212.68,215.51 2 0
explorer/internal/verifier/solc_manager.go:215.51,217.3 1 0
explorer/internal/verifier/solc_manager.go:220.2,221.42 2 0
explorer/internal/verifier/solc_manager.go:221.42,224.3 2 0
explorer/internal/verifier/solc_manager.go:226.2,226.35 1 0
explorer/internal/verifier/solc_manager.go:226.35,227.36 1 0
explorer/internal/verifier/solc_manager.go:227.36,230.4 2 0
explorer/internal/verifier/solc_manager.go:234.2,237.18 3 0
explorer/internal/verifier/solc_manager.go:237.18,239.3 1 0
explorer/internal/verifier/solc_manager.go:242.2,243.16 2 0
explorer/internal/verifier/solc_manager.go:243.16,245.3 1 0
explorer/internal/verifier/solc_manager.go:248.2,252.18 4 0
explorer/internal/verifier/solc_manager.go:255.56,258.2 2 0
explorer/internal/verifier/solc_manager.go:260.57,265.30 3 0
explorer/internal/verifier/solc_manager.go:265.30,267.41 2 0
explorer/internal/verifier/solc_manager.go:267.41,272.50 2 0
explorer/internal/verifier/solc_manager.go:272.50,274.5 1 0
explorer/internal/verifier/solc_manager.go:275.4,275.35 1 0
explorer/internal/verifier/solc_manager.go:279.3,279.44 1 0
explorer/internal/verifier/solc_manager.go:279.44,281.4 1 0
explorer/internal/verifier/solc_manager.go:283.3,283.18 1 0
explorer/internal/verifier/solc_manager.go:287.2,288.41 2 0
explorer/internal/verifier/solc_manager.go:288.41,293.3 1 0
explorer/internal/verifier/solc_manager.go:295.2,295.43 1 0
explorer/internal/verifier/solc_manager.go:295.43,297.3 1 0
explorer/internal/verifier/solc_manager.go:299.2,299.17 1 0
explorer/internal/verifier/solc_manager.go:302.41,306.25 3 0
explorer/internal/verifier/solc_manager.go:306.25,308.22 2 0
explorer/internal/verifier/solc_manager.go:308.22,310.4 1 0
explorer/internal/verifier/solc_manager.go:311.3,311.22 1 0
explorer/internal/verifier/solc_manager.go:311.22,313.4 1 0
explorer/internal/verifier/solc_manager.go:315.3,315.15 1 0
explorer/internal/verifier/solc_manager.go:315.15,317.4 1 0
explorer/internal/verifier/solc_manager.go:320.2,320.10 1 0
explorer/internal/verifier/solc_manager.go:323.34,326.2 2 0
explorer/internal/verifier/solc_manager.go:328.36,332.30 3 0
explorer/internal/verifier/solc_manager.go:332.30,334.3 1 0
explorer/internal/verifier/solc_manager.go:335.2,335.25 1 0
explorer/internal/verifier/solc_manager.go:338.31,340.2 1 0
explorer/internal/verifier/verifier.go:26.81,33.2 1 1
explorer/internal/verifier/verifier.go:35.93,41.39 2 0
explorer/internal/verifier/verifier.go:41.39,44.3 2 0
explorer/internal/verifier/verifier.go:45.2,48.16 3 0
explorer/internal/verifier/verifier.go:48.16,51.3 2 0
explorer/internal/verifier/verifier.go:53.2,53.27 1 0
explorer/internal/verifier/verifier.go:53.27,56.3 2 0
explorer/internal/verifier/verifier.go:58.2,61.16 3 0
explorer/internal/verifier/verifier.go:61.16,64.3 2 0
explorer/internal/verifier/verifier.go:66.2,69.15 3 0
explorer/internal/verifier/verifier.go:69.15,71.3 1 0
explorer/internal/verifier/verifier.go:73.2,75.16 2 0
explorer/internal/verifier/verifier.go:75.16,78.3 2 0
explorer/internal/verifier/verifier.go:80.2,80.23 1 0
explorer/internal/verifier/verifier.go:80.23,84.3 3 0
explorer/internal/verifier/verifier.go:86.2,87.16 2 0
explorer/internal/verifier/verifier.go:87.16,90.3 2 0
explorer/internal/verifier/verifier.go:92.2,100.43 7 0
explorer/internal/verifier/verifier.go:100.43,113.3 3 0
explorer/internal/verifier/verifier.go:115.2,118.70 3 0
explorer/internal/verifier/verifier.go:118.70,120.3 1 0
explorer/internal/verifier/verifier.go:122.2,122.22 1 0
explorer/internal/verifier/verifier.go:125.109,127.49 2 0
explorer/internal/verifier/verifier.go:127.49,131.3 3 0
explorer/internal/verifier/verifier.go:132.2,136.62 2 0
explorer/internal/verifier/verifier.go:139.98,141.51 2 0
explorer/internal/verifier/verifier.go:141.51,145.3 1 0
explorer/internal/verifier/verifier.go:147.2,147.23 1 0
explorer/internal/verifier/verifier.go:147.23,149.3 1 0
explorer/internal/verifier/verifier.go:150.2,150.31 1 0
explorer/internal/verifier/verifier.go:150.31,152.3 1 0
explorer/internal/verifier/verifier.go:153.2,153.28 1 0
explorer/internal/verifier/verifier.go:153.28,155.3 1 0
explorer/internal/verifier/verifier.go:156.2,156.33 1 0
explorer/internal/verifier/verifier.go:156.33,158.3 1 0
explorer/internal/verifier/verifier.go:160.2,160.45 1 0
explorer/internal/verifier/verifier.go:163.122,169.39 2 0
explorer/internal/verifier/verifier.go:169.39,172.3 2 0
explorer/internal/verifier/verifier.go:173.2,176.16 3 0
explorer/internal/verifier/verifier.go:176.16,179.3 2 0
explorer/internal/verifier/verifier.go:181.2,181.27 1 0
explorer/internal/verifier/verifier.go:181.27,184.3 2 0
explorer/internal/verifier/verifier.go:186.2,189.16 3 0
explorer/internal/verifier/verifier.go:189.16,192.3 2 0
explorer/internal/verifier/verifier.go:194.2,197.16 3 0
explorer/internal/verifier/verifier.go:197.16,200.3 2 0
explorer/internal/verifier/verifier.go:202.2,202.23 1 0
explorer/internal/verifier/verifier.go:202.23,206.3 3 0
explorer/internal/verifier/verifier.go:208.2,209.16 2 0
explorer/internal/verifier/verifier.go:209.16,212.3 2 0
explorer/internal/verifier/verifier.go:214.2,222.43 7 0
explorer/internal/verifier/verifier.go:222.43,232.3 3 0
explorer/internal/verifier/verifier.go:234.2,237.82 3 0
explorer/internal/verifier/verifier.go:237.82,239.3 1 0
explorer/internal/verifier/verifier.go:241.2,241.22 1 0
explorer/internal/verifier/verifier.go:244.133,260.27 5 0
explorer/internal/verifier/verifier.go:260.27,262.3 1 0
explorer/internal/verifier/verifier.go:264.2,266.58 1 0
explorer/internal/verifier/verifier.go:269.54,271.2 1 0
explorer/internal/verifier/verifier.go:273.53,275.2 1 0
explorer/internal/verifier/verifier.go:277.94,279.51 2 0
explorer/internal/verifier/verifier.go:279.51,283.3 1 0
explorer/internal/verifier/verifier.go:285.2,285.23 1 0
explorer/internal/verifier/verifier.go:285.23,287.3 1 0
explorer/internal/verifier/verifier.go:290.2,290.55 1 0
explorer/internal/verifier/verifier.go:290.55,294.3 3 0
explorer/internal/verifier/verifier.go:296.2,296.31 1 0
explorer/internal/verifier/verifier.go:296.31,298.3 1 0
explorer/internal/verifier/verifier.go:299.2,299.28 1 0
explorer/internal/verifier/verifier.go:299.28,301.3 1 0
explorer/internal/verifier/verifier.go:302.2,302.31 1 0
explorer/internal/verifier/verifier.go:302.31,304.3 1 0
explorer/internal/verifier/verifier.go:306.2,306.32 1 0
explorer/internal/verifier/verifier.go:306.32,307.41 1 0
explorer/internal/verifier/verifier.go:307.41,308.43 1 0
explorer/internal/verifier/verifier.go:308.43,310.10 2 0
explorer/internal/verifier/verifier.go:315.2,315.28 1 0
explorer/internal/verifier/verifier.go:318.39,320.2 1 0
explorer/internal/indexer/balance_worker.go:33.113,44.2 2 1
explorer/internal/indexer/balance_worker.go:46.37,48.36 2 0
explorer/internal/indexer/balance_worker.go:48.36,51.3 2 0
explorer/internal/indexer/balance_worker.go:54.36,60.2 5 0
explorer/internal/indexer/balance_worker.go:63.62,64.9 1 0
explorer/internal/indexer/balance_worker.go:65.26,66.14 1 0
explorer/internal/indexer/balance_worker.go:67.10,68.15 1 0
explorer/internal/indexer/balance_worker.go:72.69,74.29 2 0
explorer/internal/indexer/balance_worker.go:74.29,75.24 1 0
explorer/internal/indexer/balance_worker.go:75.24,77.4 1 0
explorer/internal/indexer/balance_worker.go:79.2,79.15 1 0
explorer/internal/indexer/balance_worker.go:82.45,84.2 1 0
explorer/internal/indexer/balance_worker.go:86.44,91.6 3 0
explorer/internal/indexer/balance_worker.go:91.6,92.10 1 0
explorer/internal/indexer/balance_worker.go:93.23,94.22 1 0
explorer/internal/indexer/balance_worker.go:94.22,96.5 1 0
explorer/internal/indexer/balance_worker.go:97.4,97.10 1 0
explorer/internal/indexer/balance_worker.go:98.33,99.11 1 0
explorer/internal/indexer/balance_worker.go:99.11,100.23 1 0
explorer/internal/indexer/balance_worker.go:100.23,102.6 1 0
explorer/internal/indexer/balance_worker.go:103.5,103.11 1 0
explorer/internal/indexer/balance_worker.go:106.4,106.42 1 0
explorer/internal/indexer/balance_worker.go:106.42,107.13 1 0
explorer/internal/indexer/balance_worker.go:110.4,111.18 2 0
explorer/internal/indexer/balance_worker.go:111.18,112.13 1 0
explorer/internal/indexer/balance_worker.go:115.4,117.25 2 0
explorer/internal/indexer/balance_worker.go:117.25,120.5 2 0
explorer/internal/indexer/balance_worker.go:125.84,131.16 4 0
explorer/internal/indexer/balance_worker.go:131.16,133.3 1 0
explorer/internal/indexer/balance_worker.go:135.2,135.27 1 0
explorer/internal/indexer/balance_worker.go:135.27,137.3 1 0
explorer/internal/indexer/balance_worker.go:139.2,146.8 2 0
explorer/internal/indexer/balance_worker.go:149.64,150.21 1 0
explorer/internal/indexer/balance_worker.go:150.21,152.3 1 0
explorer/internal/indexer/balance_worker.go:154.2,155.52 2 0
explorer/internal/indexer/balance_worker.go:155.52,157.17 2 0
explorer/internal/indexer/balance_worker.go:157.17,159.4 1 0
explorer/internal/indexer/balance_worker.go:162.3,166.46 3 0
explorer/internal/indexer/balance_worker.go:166.46,169.4 2 0
explorer/internal/indexer/balance_worker.go:172.3,172.60 1 0
explorer/internal/indexer/catchup.go:72.19,88.2 2 0
explorer/internal/indexer/catchup.go:90.55,92.2 1 0
explorer/internal/indexer/catchup.go:94.51,96.2 1 0
explorer/internal/indexer/catchup.go:98.73,100.2 1 0
explorer/internal/indexer/catchup.go:105.86,106.24 1 0
explorer/internal/indexer/catchup.go:106.24,109.3 2 0
explorer/internal/indexer/catchup.go:109.8,111.3 1 0
explorer/internal/indexer/catchup.go:113.2,117.40 2 0
explorer/internal/indexer/catchup.go:117.40,120.3 2 0
explorer/internal/indexer/catchup.go:122.2,125.12 3 0
explorer/internal/indexer/catchup.go:128.52,133.20 4 0
explorer/internal/indexer/catchup.go:133.20,135.3 1 0
explorer/internal/indexer/catchup.go:137.2,141.6 4 0
explorer/internal/indexer/catchup.go:141.6,142.10 1 0
explorer/internal/indexer/catchup.go:143.23,144.10 1 0
explorer/internal/indexer/catchup.go:145.11,145.11 0 0
explorer/internal/indexer/catchup.go:148.3,151.25 3 0
explorer/internal/indexer/catchup.go:151.25,153.4 1 0
explorer/internal/indexer/catchup.go:153.9,155.4 1 0
explorer/internal/indexer/catchup.go:157.3,157.17 1 0
explorer/internal/indexer/catchup.go:157.17,160.12 3 0
explorer/internal/indexer/catchup.go:163.3,163.23 1 0
explorer/internal/indexer/catchup.go:163.23,170.43 2 0
explorer/internal/indexer/catchup.go:170.43,172.22 2 0
explorer/internal/indexer/catchup.go:172.22,178.75 3 0
explorer/internal/indexer/catchup.go:178.75,180.7 1 0
explorer/internal/indexer/catchup.go:180.12,182.7 1 0
explorer/internal/indexer/catchup.go:184.6,184.29 1 0
explorer/internal/indexer/catchup.go:184.29,186.7 1 0
explorer/internal/indexer/catchup.go:188.5,188.28 1 0
explorer/internal/indexer/catchup.go:192.4,192.25 1 0
explorer/internal/indexer/catchup.go:192.25,194.5 1 0
explorer/internal/indexer/catchup.go:197.4,197.11 1 0
explorer/internal/indexer/catchup.go:198.24,199.11 1 0
explorer/internal/indexer/catchup.go:200.36,201.13 1 0
explorer/internal/indexer/catchup.go:205.3,205.20 1 0
explorer/internal/indexer/catchup.go:205.20,208.4 1 0
explorer/internal/indexer/catchup.go:209.3,213.23 2 0
explorer/internal/indexer/catchup.go:213.23,216.4 1 0
explorer/internal/indexer/catchup.go:218.3,218.28 1 0
explorer/internal/indexer/catchup.go:218.28,219.69 1 0
explorer/internal/indexer/catchup.go:219.69,220.12 1 0
explorer/internal/indexer/catchup.go:221.25,222.12 1 0
explorer/internal/indexer/catchup.go:223.34,223.34 0 0
explorer/internal/indexer/catchup.go:230.33,233.2 2 0
explorer/internal/indexer/catchup.go:235.94,238.24 2 0
explorer/internal/indexer/catchup.go:238.24,241.3 2 0
explorer/internal/indexer/catchup.go:241.8,243.3 1 0
explorer/internal/indexer/catchup.go:245.2,245.15 1 0
explorer/internal/indexer/catchup.go:245.15,247.3 1 0
explorer/internal/indexer/catchup.go:248.2,248.8 1 0
explorer/internal/indexer/catchup.go:251.43,252.9 1 0
explorer/internal/indexer/catchup.go:253.22,254.15 1 0
explorer/internal/indexer/catchup.go:255.10,256.14 1 0
explorer/internal/indexer/catchup.go:260.41,263.6 2 0
explorer/internal/indexer/catchup.go:263.6,264.10 1 0
explorer/internal/indexer/catchup.go:265.23,266.10 1 0
explorer/internal/indexer/catchup.go:267.38,268.11 1 0
explorer/internal/indexer/catchup.go:268.11,270.5 1 0
explorer/internal/indexer/catchup.go:273.4,274.18 2 0
explorer/internal/indexer/catchup.go:274.18,276.13 2 0
explorer/internal/indexer/catchup.go:278.4,278.14 1 0
explorer/internal/indexer/catchup.go:278.14,279.27 1 0
explorer/internal/indexer/catchup.go:279.27,281.6 1 0
explorer/internal/indexer/catchup.go:282.5,283.13 2 0
explorer/internal/indexer/catchup.go:286.4,286.51 1 0
explorer/internal/indexer/catchup.go:286.51,289.13 2 0
explorer/internal/indexer/catchup.go:292.4,292.26 1 0
explorer/internal/indexer/catchup.go:292.26,294.5 1 0
explorer/internal/indexer/catchup.go:294.10,296.5 1 0
explorer/internal/indexer/catchup.go:298.4,300.49 2 0
explorer/internal/indexer/catchup.go:300.49,304.27 3 0
explorer/internal/indexer/catchup.go:304.27,306.6 1 0
explorer/internal/indexer/catchup.go:306.11,308.6 1 0
explorer/internal/indexer/catchup.go:310.5,312.18 3 0
explorer/internal/indexer/catchup.go:312.18,314.6 1 0
explorer/internal/indexer/catchup.go:316.5,319.25 1 0
explorer/internal/indexer/catchup.go:325.60,327.31 1 0
explorer/internal/indexer/catchup.go:327.31,329.3 1 0
explorer/internal/indexer/catchup.go:331.2,332.16 2 0
explorer/internal/indexer/catchup.go:332.16,334.3 1 0
explorer/internal/indexer/catchup.go:336.2,337.17 2 0
explorer/internal/indexer/catchup.go:337.17,339.3 1 0
explorer/internal/indexer/catchup.go:342.2,342.34 1 0
explorer/internal/indexer/catchup.go:345.63,347.16 2 0
explorer/internal/indexer/catchup.go:347.16,349.3 1 0
explorer/internal/indexer/catchup.go:351.2,365.36 4 0
explorer/internal/indexer/catchup.go:365.36,367.3 1 0
explorer/internal/indexer/catchup.go:369.2,369.43 1 0
explorer/internal/indexer/catchup.go:372.72,374.28 2 0
explorer/internal/indexer/catchup.go:374.28,377.3 2 0
explorer/internal/indexer/catchup.go:380.2,413.44 3 0
explorer/internal/indexer/catchup.go:416.75,433.2 4 0
explorer/internal/indexer/indexer.go:88.48,90.2 1 0
explorer/internal/indexer/indexer.go:92.113,93.50 1 1
explorer/internal/indexer/indexer.go:93.50,95.3 1 1
explorer/internal/indexer/indexer.go:96.2,97.48 2 0
explorer/internal/indexer/indexer.go:100.43,102.2 1 0
explorer/internal/indexer/indexer.go:104.131,105.36 1 0
explorer/internal/indexer/indexer.go:105.36,107.3 1 0
explorer/internal/indexer/indexer.go:108.2,110.8 3 0
explorer/internal/indexer/indexer.go:118.106,134.2 1 1
explorer/internal/indexer/indexer.go:136.129,148.54 2 1
explorer/internal/indexer/indexer.go:148.54,150.3 1 1
explorer/internal/indexer/indexer.go:152.2,152.12 1 1
explorer/internal/indexer/indexer.go:157.77,159.9 2 0
explorer/internal/indexer/indexer.go:160.77,160.77 0 0
explorer/internal/indexer/indexer.go:161.20,162.19 1 0
explorer/internal/indexer/indexer.go:165.2,165.9 1 0
explorer/internal/indexer/indexer.go:166.21,167.13 1 0
explorer/internal/indexer/indexer.go:168.20,169.19 1 0
explorer/internal/indexer/indexer.go:173.52,175.16 2 0
explorer/internal/indexer/indexer.go:175.16,177.3 1 0
explorer/internal/indexer/indexer.go:179.2,179.59 1 0
explorer/internal/indexer/indexer.go:179.59,181.3 1 0
explorer/internal/indexer/indexer.go:181.8,183.3 1 0
explorer/internal/indexer/indexer.go:185.2,185.28 1 0
explorer/internal/indexer/indexer.go:185.28,187.17 2 0
explorer/internal/indexer/indexer.go:187.17,189.4 1 0
explorer/internal/indexer/indexer.go:189.9,189.23 1 0
explorer/internal/indexer/indexer.go:189.23,192.4 2 0
explorer/internal/indexer/indexer.go:192.9,195.4 2 0
explorer/internal/indexer/indexer.go:198.2,198.29 1 0
explorer/internal/indexer/indexer.go:198.29,200.3 1 0
explorer/internal/indexer/indexer.go:202.2,203.16 2 0
explorer/internal/indexer/indexer.go:203.16,205.3 1 0
explorer/internal/indexer/indexer.go:207.2,208.16 2 0
explorer/internal/indexer/indexer.go:208.16,210.3 1 0
explorer/internal/indexer/indexer.go:212.2,213.32 2 0
explorer/internal/indexer/indexer.go:213.32,215.3 1 0
explorer/internal/indexer/indexer.go:216.2,219.33 3 0
explorer/internal/indexer/indexer.go:219.33,221.3 1 0
explorer/internal/indexer/indexer.go:223.2,235.16 5 0
explorer/internal/indexer/indexer.go:235.16,237.3 1 0
explorer/internal/indexer/indexer.go:239.2,239.46 1 0
explorer/internal/indexer/indexer.go:242.98,274.40 9 0
explorer/internal/indexer/indexer.go:274.40,277.3 2 0
explorer/internal/indexer/indexer.go:279.2,280.80 2 0
explorer/internal/indexer/indexer.go:280.80,282.3 1 0
explorer/internal/indexer/indexer.go:284.2,284.12 1 0
explorer/internal/indexer/indexer.go:284.12,285.67 1 0
explorer/internal/indexer/indexer.go:285.67,287.4 1 0
explorer/internal/indexer/indexer.go:290.2,292.29 2 0
explorer/internal/indexer/indexer.go:292.29,294.3 1 0
explorer/internal/indexer/indexer.go:295.2,295.30 1 0
explorer/internal/indexer/indexer.go:295.30,297.3 1 0
explorer/internal/indexer/indexer.go:298.2,298.29 1 0
explorer/internal/indexer/indexer.go:298.29,300.3 1 0
explorer/internal/indexer/indexer.go:302.2,302.18 1 0
explorer/internal/indexer/indexer.go:305.99,320.59 4 0
explorer/internal/indexer/indexer.go:320.59,322.3 1 0
explorer/internal/indexer/indexer.go:324.2,351.40 9 0
explorer/internal/indexer/indexer.go:351.40,354.3 2 0
explorer/internal/indexer/indexer.go:356.2,356.81 1 0
explorer/internal/indexer/indexer.go:356.81,358.3 1 0
explorer/internal/indexer/indexer.go:360.2,360.12 1 0
explorer/internal/indexer/indexer.go:360.12,361.69 1 0
explorer/internal/indexer/indexer.go:361.69,363.4 1 0
explorer/internal/indexer/indexer.go:366.2,368.36 2 0
explorer/internal/indexer/indexer.go:368.36,370.3 1 0
explorer/internal/indexer/indexer.go:371.2,371.29 1 0
explorer/internal/indexer/indexer.go:371.29,373.3 1 0
explorer/internal/indexer/indexer.go:374.2,374.30 1 0
explorer/internal/indexer/indexer.go:374.30,376.3 1 0
explorer/internal/indexer/indexer.go:377.2,377.29 1 0
explorer/internal/indexer/indexer.go:377.29,379.3 1 0
explorer/internal/indexer/indexer.go:381.2,381.18 1 0
explorer/internal/indexer/indexer.go:384.84,393.6 4 0
explorer/internal/indexer/indexer.go:393.6,394.10 1 0
explorer/internal/indexer/indexer.go:395.21,396.31 1 0
explorer/internal/indexer/indexer.go:396.31,398.5 1 0
explorer/internal/indexer/indexer.go:399.4,400.20 2 0
explorer/internal/indexer/indexer.go:402.33,404.19 2 0
explorer/internal/indexer/indexer.go:406.19,408.18 2 0
explorer/internal/indexer/indexer.go:408.18,410.13 2 0
explorer/internal/indexer/indexer.go:413.4,413.23 1 0
explorer/internal/indexer/indexer.go:413.23,415.19 2 0
explorer/internal/indexer/indexer.go:415.19,417.6 1 0
explorer/internal/indexer/indexer.go:417.11,417.30 1 0
explorer/internal/indexer/indexer.go:417.30,419.73 2 0
explorer/internal/indexer/indexer.go:419.73,421.7 1 0
explorer/internal/indexer/indexer.go:421.12,423.7 1 0
explorer/internal/indexer/indexer.go:427.4,427.75 1 0
explorer/internal/indexer/indexer.go:427.75,428.12 1 0
explorer/internal/indexer/indexer.go:429.35,431.21 2 0
explorer/internal/indexer/indexer.go:432.13,432.13 0 0
explorer/internal/indexer/indexer.go:435.5,435.57 1 0
explorer/internal/indexer/indexer.go:435.57,437.11 2 0
explorer/internal/indexer/indexer.go:439.5,441.25 2 0
explorer/internal/indexer/indexer.go:441.25,443.6 1 0
explorer/internal/indexer/indexer.go:449.88,451.80 2 1
explorer/internal/indexer/indexer.go:451.80,455.39 3 1
explorer/internal/indexer/indexer.go:455.39,456.12 1 0
explorer/internal/indexer/indexer.go:459.3,460.32 2 1
explorer/internal/indexer/indexer.go:460.32,462.4 1 0
explorer/internal/indexer/indexer.go:462.9,465.18 3 1
explorer/internal/indexer/indexer.go:465.18,467.5 1 1
explorer/internal/indexer/indexer.go:469.3,469.17 1 1
explorer/internal/indexer/indexer.go:469.17,471.4 1 0
explorer/internal/indexer/indexer.go:473.3,473.36 1 1
explorer/internal/indexer/indexer.go:473.36,476.28 3 1
explorer/internal/indexer/indexer.go:476.28,478.5 1 0
explorer/internal/indexer/indexer.go:479.4,479.30 1 1
explorer/internal/indexer/indexer.go:479.30,481.5 1 1
explorer/internal/indexer/indexer.go:482.4,486.25 2 1
explorer/internal/indexer/indexer.go:489.2,489.15 1 1
explorer/internal/indexer/indexer.go:492.76,497.16 3 0
explorer/internal/indexer/indexer.go:497.16,499.3 1 0
explorer/internal/indexer/indexer.go:501.2,501.65 1 0
explorer/internal/indexer/indexer.go:501.65,502.57 1 0
explorer/internal/indexer/indexer.go:502.57,505.4 2 0
explorer/internal/indexer/indexer.go:506.3,506.49 1 0
explorer/internal/indexer/indexer.go:509.2,509.12 1 0
explorer/internal/indexer/indexer.go:512.74,514.31 1 1
explorer/internal/indexer/indexer.go:514.31,516.3 1 0
explorer/internal/indexer/indexer.go:518.2,519.16 2 1
explorer/internal/indexer/indexer.go:519.16,521.3 1 0
explorer/internal/indexer/indexer.go:523.2,524.17 2 1
explorer/internal/indexer/indexer.go:524.17,526.3 1 1
explorer/internal/indexer/indexer.go:529.2,530.28 2 1
explorer/internal/indexer/indexer.go:530.28,533.3 2 0
explorer/internal/indexer/indexer.go:536.2,559.33 3 1
explorer/internal/indexer/indexer.go:564.77,566.16 2 0
explorer/internal/indexer/indexer.go:566.16,568.3 1 0
explorer/internal/indexer/indexer.go:570.2,570.36 1 0
explorer/internal/indexer/indexer.go:570.36,572.3 1 0
explorer/internal/indexer/indexer.go:575.2,595.33 2 0
explorer/internal/indexer/indexer.go:602.94,609.30 6 0
explorer/internal/indexer/indexer.go:609.30,611.3 1 0
explorer/internal/indexer/indexer.go:613.2,614.16 2 0
explorer/internal/indexer/indexer.go:614.16,616.3 1 0
explorer/internal/indexer/indexer.go:618.2,652.33 5 0
explorer/internal/indexer/indexer.go:652.33,659.22 4 0
explorer/internal/indexer/indexer.go:659.22,662.4 2 0
explorer/internal/indexer/indexer.go:664.3,665.27 2 0
explorer/internal/indexer/indexer.go:665.27,667.4 1 0
explorer/internal/indexer/indexer.go:670.3,671.25 2 0
explorer/internal/indexer/indexer.go:671.25,673.4 1 0
explorer/internal/indexer/indexer.go:675.3,679.28 4 0
explorer/internal/indexer/indexer.go:679.28,681.4 1 0
explorer/internal/indexer/indexer.go:683.3,684.25 2 0
explorer/internal/indexer/indexer.go:684.25,686.4 1 0
explorer/internal/indexer/indexer.go:689.3,690.32 2 0
explorer/internal/indexer/indexer.go:690.32,693.4 2 0
explorer/internal/indexer/indexer.go:694.3,694.40 1 0
explorer/internal/indexer/indexer.go:694.40,697.4 2 0
explorer/internal/indexer/indexer.go:700.3,703.21 4 0
explorer/internal/indexer/indexer.go:703.21,706.27 3 0
explorer/internal/indexer/indexer.go:706.27,709.5 2 0
explorer/internal/indexer/indexer.go:710.9,713.4 2 0
explorer/internal/indexer/indexer.go:715.3,736.16 3 0
explorer/internal/indexer/indexer.go:736.16,739.4 2 0
explorer/internal/indexer/indexer.go:741.3,741.89 1 0
explorer/internal/indexer/indexer.go:741.89,744.35 3 0
explorer/internal/indexer/indexer.go:744.35,757.5 4 0
explorer/internal/indexer/indexer.go:760.3,760.21 1 0
explorer/internal/indexer/indexer.go:760.21,761.12 1 0
explorer/internal/indexer/indexer.go:763.3,763.41 1 0
explorer/internal/indexer/indexer.go:763.41,765.32 2 0
explorer/internal/indexer/indexer.go:765.32,768.5 2 0
explorer/internal/indexer/indexer.go:769.4,769.32 1 0
explorer/internal/indexer/indexer.go:769.32,772.5 2 0
explorer/internal/indexer/indexer.go:773.4,773.32 1 0
explorer/internal/indexer/indexer.go:773.32,776.5 2 0
explorer/internal/indexer/indexer.go:777.4,777.32 1 0
explorer/internal/indexer/indexer.go:777.32,780.5 2 0
explorer/internal/indexer/indexer.go:782.4,796.72 2 0
explorer/internal/indexer/indexer.go:796.72,801.32 4 0
explorer/internal/indexer/indexer.go:801.32,803.6 1 0
explorer/internal/indexer/indexer.go:803.11,803.37 1 0
explorer/internal/indexer/indexer.go:803.37,805.6 1 0
explorer/internal/indexer/indexer.go:807.5,809.34 3 0
explorer/internal/indexer/indexer.go:809.34,813.6 3 0
explorer/internal/indexer/indexer.go:815.5,816.68 2 0
explorer/internal/indexer/indexer.go:816.68,818.6 1 0
explorer/internal/indexer/indexer.go:818.11,818.50 1 0
explorer/internal/indexer/indexer.go:818.50,820.6 1 0
explorer/internal/indexer/indexer.go:822.5,837.32 2 0
explorer/internal/indexer/indexer.go:837.32,843.6 1 0
explorer/internal/indexer/indexer.go:844.5,844.30 1 0
explorer/internal/indexer/indexer.go:844.30,850.6 1 0
explorer/internal/indexer/indexer.go:852.5,852.50 1 0
explorer/internal/indexer/indexer.go:852.50,853.66 1 0
explorer/internal/indexer/indexer.go:853.66,856.7 2 0
explorer/internal/indexer/indexer.go:859.5,859.71 1 0
explorer/internal/indexer/indexer.go:859.71,861.6 1 0
explorer/internal/indexer/indexer.go:862.5,862.18 1 0
explorer/internal/indexer/indexer.go:862.18,863.71 1 0
explorer/internal/indexer/indexer.go:863.71,865.7 1 0
explorer/internal/indexer/indexer.go:871.2,871.45 1 0
explorer/internal/indexer/indexer.go:871.45,874.17 2 0
explorer/internal/indexer/indexer.go:874.17,876.4 1 0
explorer/internal/indexer/indexer.go:876.9,876.34 1 0
explorer/internal/indexer/indexer.go:876.34,879.35 2 0
explorer/internal/indexer/indexer.go:879.35,881.21 2 0
explorer/internal/indexer/indexer.go:881.21,883.6 1 0
explorer/internal/indexer/indexer.go:888.2,888.32 1 0
explorer/internal/indexer/indexer.go:888.32,890.17 2 0
explorer/internal/indexer/indexer.go:890.17,892.4 1 0
explorer/internal/indexer/indexer.go:892.9,893.42 1 0
explorer/internal/indexer/indexer.go:893.42,894.24 1 0
explorer/internal/indexer/indexer.go:894.24,895.14 1 0
explorer/internal/indexer/indexer.go:897.5,907.33 3 0
explorer/internal/indexer/indexer.go:912.2,912.66 1 0
explorer/internal/indexer/indexer.go:912.66,914.3 1 0
explorer/internal/indexer/indexer.go:916.2,916.53 1 0
explorer/internal/indexer/indexer.go:916.53,918.32 2 0
explorer/internal/indexer/indexer.go:918.32,920.4 1 0
explorer/internal/indexer/indexer.go:923.2,923.23 1 0
explorer/internal/indexer/indexer.go:923.23,925.45 2 0
explorer/internal/indexer/indexer.go:925.45,927.4 1 0
explorer/internal/indexer/indexer.go:930.2,931.53 2 0
explorer/internal/indexer/indexer.go:931.53,938.3 1 0
explorer/internal/indexer/indexer.go:940.2,940.12 1 0
explorer/internal/indexer/indexer.go:943.90,950.16 6 1
explorer/internal/indexer/indexer.go:950.16,952.3 1 0
explorer/internal/indexer/indexer.go:953.2,956.27 3 1
explorer/internal/indexer/indexer.go:956.27,958.3 1 1
explorer/internal/indexer/indexer.go:960.2,961.16 2 1
explorer/internal/indexer/indexer.go:961.16,963.3 1 0
explorer/internal/indexer/indexer.go:965.2,966.28 2 1
explorer/internal/indexer/indexer.go:966.28,969.3 2 0
explorer/internal/indexer/indexer.go:972.2,1009.27 6 1
explorer/internal/indexer/indexer.go:1009.27,1013.17 3 1
explorer/internal/indexer/indexer.go:1013.17,1015.12 2 0
explorer/internal/indexer/indexer.go:1018.3,1019.21 2 1
explorer/internal/indexer/indexer.go:1019.21,1022.4 2 1
explorer/internal/indexer/indexer.go:1024.3,1025.25 2 1
explorer/internal/indexer/indexer.go:1025.25,1027.4 1 0
explorer/internal/indexer/indexer.go:1029.3,1034.45 5 1
explorer/internal/indexer/indexer.go:1034.45,1035.29 1 0
explorer/internal/indexer/indexer.go:1035.29,1038.5 2 0
explorer/internal/indexer/indexer.go:1039.4,1039.29 1 0
explorer/internal/indexer/indexer.go:1039.29,1042.5 2 0
explorer/internal/indexer/indexer.go:1048.3,1051.21 4 1
explorer/internal/indexer/indexer.go:1051.21,1054.27 3 1
explorer/internal/indexer/indexer.go:1054.27,1057.5 2 0
explorer/internal/indexer/indexer.go:1058.9,1062.4 2 0
explorer/internal/indexer/indexer.go:1064.3,1085.16 3 1
explorer/internal/indexer/indexer.go:1085.16,1088.4 2 1
explorer/internal/indexer/indexer.go:1090.3,1090.88 1 1
explorer/internal/indexer/indexer.go:1090.88,1093.35 3 0
explorer/internal/indexer/indexer.go:1093.35,1106.5 4 0
explorer/internal/indexer/indexer.go:1109.3,1109.21 1 1
explorer/internal/indexer/indexer.go:1109.21,1110.12 1 0
explorer/internal/indexer/indexer.go:1112.3,1112.41 1 1
explorer/internal/indexer/indexer.go:1112.41,1114.32 2 0
explorer/internal/indexer/indexer.go:1114.32,1117.5 2 0
explorer/internal/indexer/indexer.go:1118.4,1118.32 1 0
explorer/internal/indexer/indexer.go:1118.32,1121.5 2 0
explorer/internal/indexer/indexer.go:1122.4,1122.32 1 0
explorer/internal/indexer/indexer.go:1122.32,1125.5 2 0
explorer/internal/indexer/indexer.go:1126.4,1126.32 1 0
explorer/internal/indexer/indexer.go:1126.32,1129.5 2 0
explorer/internal/indexer/indexer.go:1131.4,1145.72 2 0
explorer/internal/indexer/indexer.go:1145.72,1150.32 4 0
explorer/internal/indexer/indexer.go:1150.32,1152.6 1 0
explorer/internal/indexer/indexer.go:1152.11,1152.37 1 0
explorer/internal/indexer/indexer.go:1152.37,1154.6 1 0
explorer/internal/indexer/indexer.go:1156.5,1158.34 3 0
explorer/internal/indexer/indexer.go:1158.34,1162.6 3 0
explorer/internal/indexer/indexer.go:1164.5,1165.68 2 0
explorer/internal/indexer/indexer.go:1165.68,1167.6 1 0
explorer/internal/indexer/indexer.go:1167.11,1167.50 1 0
explorer/internal/indexer/indexer.go:1167.50,1169.6 1 0
explorer/internal/indexer/indexer.go:1171.5,1186.32 2 0
explorer/internal/indexer/indexer.go:1186.32,1192.6 1 0
explorer/internal/indexer/indexer.go:1193.5,1193.30 1 0
explorer/internal/indexer/indexer.go:1193.30,1199.6 1 0
explorer/internal/indexer/indexer.go:1201.5,1201.50 1 0
explorer/internal/indexer/indexer.go:1201.50,1202.66 1 0
explorer/internal/indexer/indexer.go:1202.66,1205.7 2 0
explorer/internal/indexer/indexer.go:1208.5,1208.77 1 0
explorer/internal/indexer/indexer.go:1208.77,1210.6 1 0
explorer/internal/indexer/indexer.go:1211.5,1211.18 1 0
explorer/internal/indexer/indexer.go:1211.18,1212.71 1 0
explorer/internal/indexer/indexer.go:1212.71,1214.7 1 0
explorer/internal/indexer/indexer.go:1220.2,1220.45 1 1
explorer/internal/indexer/indexer.go:1220.45,1223.17 2 0
explorer/internal/indexer/indexer.go:1223.17,1225.4 1 0
explorer/internal/indexer/indexer.go:1225.9,1225.34 1 0
explorer/internal/indexer/indexer.go:1225.34,1228.35 2 0
explorer/internal/indexer/indexer.go:1228.35,1230.21 2 0
explorer/internal/indexer/indexer.go:1230.21,1232.6 1 0
explorer/internal/indexer/indexer.go:1237.2,1237.32 1 1
explorer/internal/indexer/indexer.go:1237.32,1239.17 2 0
explorer/internal/indexer/indexer.go:1239.17,1241.4 1 0
explorer/internal/indexer/indexer.go:1241.9,1242.42 1 0
explorer/internal/indexer/indexer.go:1242.42,1243.24 1 0
explorer/internal/indexer/indexer.go:1243.24,1244.14 1 0
explorer/internal/indexer/indexer.go:1246.5,1256.33 3 0
explorer/internal/indexer/indexer.go:1261.2,1261.66 1 1
explorer/internal/indexer/indexer.go:1261.66,1263.3 1 0
explorer/internal/indexer/indexer.go:1265.2,1265.53 1 1
explorer/internal/indexer/indexer.go:1265.53,1267.32 2 0
explorer/internal/indexer/indexer.go:1267.32,1269.4 1 0
explorer/internal/indexer/indexer.go:1272.2,1272.23 1 1
explorer/internal/indexer/indexer.go:1272.23,1275.45 2 0
explorer/internal/indexer/indexer.go:1275.45,1277.4 1 0
explorer/internal/indexer/indexer.go:1280.2,1281.53 2 1
explorer/internal/indexer/indexer.go:1281.53,1288.3 1 0
explorer/internal/indexer/indexer.go:1290.2,1290.12 1 1
explorer/internal/indexer/indexer.go:1293.136,1295.33 2 1
explorer/internal/indexer/indexer.go:1295.33,1297.17 2 0
explorer/internal/indexer/indexer.go:1297.17,1299.4 1 0
explorer/internal/indexer/indexer.go:1300.8,1307.3 1 1
explorer/internal/indexer/indexer.go:1310.127,1312.33 2 0
explorer/internal/indexer/indexer.go:1312.33,1314.3 1 0
explorer/internal/indexer/indexer.go:1314.8,1320.3 1 0
explorer/internal/indexer/indexer.go:1323.123,1325.16 2 0
explorer/internal/indexer/indexer.go:1325.16,1329.3 1 0
explorer/internal/indexer/indexer.go:1331.2,1332.16 2 0
explorer/internal/indexer/indexer.go:1332.16,1334.3 1 0
explorer/internal/indexer/indexer.go:1336.2,1337.20 2 0
explorer/internal/indexer/indexer.go:1337.20,1340.3 2 0
explorer/internal/indexer/indexer.go:1342.2,1343.24 2 0
explorer/internal/indexer/indexer.go:1343.24,1345.3 1 0
explorer/internal/indexer/indexer.go:1347.2,1352.44 5 0
explorer/internal/indexer/indexer.go:1352.44,1353.28 1 0
explorer/internal/indexer/indexer.go:1353.28,1356.4 2 0
explorer/internal/indexer/indexer.go:1357.3,1357.28 1 0
explorer/internal/indexer/indexer.go:1357.28,1360.4 2 0
explorer/internal/indexer/indexer.go:1364.2,1367.20 4 0
explorer/internal/indexer/indexer.go:1367.20,1370.26 3 0
explorer/internal/indexer/indexer.go:1370.26,1373.4 2 0
explorer/internal/indexer/indexer.go:1374.8,1377.3 2 0
explorer/internal/indexer/indexer.go:1379.2,1399.55 2 0
explorer/internal/indexer/indexer.go:1399.55,1401.3 1 0
explorer/internal/indexer/indexer.go:1403.2,1404.24 2 0
explorer/internal/indexer/indexer.go:1404.24,1407.17 3 0
explorer/internal/indexer/indexer.go:1407.17,1409.4 1 0
explorer/internal/indexer/indexer.go:1409.9,1409.27 1 0
explorer/internal/indexer/indexer.go:1409.27,1421.61 3 0
explorer/internal/indexer/indexer.go:1421.61,1423.5 1 0
explorer/internal/indexer/indexer.go:1423.10,1425.5 1 0
explorer/internal/indexer/indexer.go:1427.4,1427.94 1 0
explorer/internal/indexer/indexer.go:1427.94,1429.5 1 0
explorer/internal/indexer/indexer.go:1433.2,1433.91 1 0
explorer/internal/indexer/indexer.go:1433.91,1435.3 1 0
explorer/internal/indexer/indexer.go:1437.2,1437.15 1 0
explorer/internal/indexer/indexer.go:1437.15,1439.90 2 0
explorer/internal/indexer/indexer.go:1439.90,1441.4 1 0
explorer/internal/indexer/indexer.go:1444.2,1446.40 2 0
explorer/internal/indexer/indexer.go:1446.40,1448.31 2 0
explorer/internal/indexer/indexer.go:1448.31,1451.4 2 0
explorer/internal/indexer/indexer.go:1452.3,1452.31 1 0
explorer/internal/indexer/indexer.go:1452.31,1455.4 2 0
explorer/internal/indexer/indexer.go:1456.3,1456.31 1 0
explorer/internal/indexer/indexer.go:1456.31,1459.4 2 0
explorer/internal/indexer/indexer.go:1460.3,1460.31 1 0
explorer/internal/indexer/indexer.go:1460.31,1463.4 2 0
explorer/internal/indexer/indexer.go:1465.3,1478.56 2 0
explorer/internal/indexer/indexer.go:1478.56,1480.4 1 0
explorer/internal/indexer/indexer.go:1483.2,1484.40 2 0
explorer/internal/indexer/indexer.go:1484.40,1485.71 1 0
explorer/internal/indexer/indexer.go:1485.71,1490.31 4 0
explorer/internal/indexer/indexer.go:1490.31,1492.5 1 0
explorer/internal/indexer/indexer.go:1492.10,1492.36 1 0
explorer/internal/indexer/indexer.go:1492.36,1494.5 1 0
explorer/internal/indexer/indexer.go:1498.4,1500.33 3 0
explorer/internal/indexer/indexer.go:1500.33,1504.5 3 0
explorer/internal/indexer/indexer.go:1506.4,1507.67 2 0
explorer/internal/indexer/indexer.go:1507.67,1509.5 1 0
explorer/internal/indexer/indexer.go:1509.10,1509.49 1 0
explorer/internal/indexer/indexer.go:1509.49,1511.5 1 0
explorer/internal/indexer/indexer.go:1513.4,1527.66 2 0
explorer/internal/indexer/indexer.go:1527.66,1529.5 1 0
explorer/internal/indexer/indexer.go:1529.10,1534.5 3 0
explorer/internal/indexer/indexer.go:1536.4,1536.80 1 0
explorer/internal/indexer/indexer.go:1540.2,1540.23 1 0
explorer/internal/indexer/indexer.go:1540.23,1542.16 2 0
explorer/internal/indexer/indexer.go:1542.16,1544.4 1 0
explorer/internal/indexer/indexer.go:1547.2,1547.12 1 0
explorer/internal/indexer/indexer.go:1550.123,1551.25 1 0
explorer/internal/indexer/indexer.go:1551.25,1553.3 1 0
explorer/internal/indexer/indexer.go:1555.2,1555.29 1 0
explorer/internal/indexer/indexer.go:1555.29,1562.3 2 0
explorer/internal/indexer/indexer.go:1564.2,1568.16 4 0
explorer/internal/indexer/indexer.go:1568.16,1570.3 1 0
explorer/internal/indexer/indexer.go:1572.2,1572.27 1 0
explorer/internal/indexer/indexer.go:1572.27,1574.3 1 0
explorer/internal/indexer/indexer.go:1576.2,1585.63 3 0
explorer/internal/indexer/indexer.go:1585.63,1587.3 1 0
explorer/internal/indexer/indexer.go:1590.120,1591.42 1 0
explorer/internal/indexer/indexer.go:1591.42,1593.3 1 0
explorer/internal/indexer/indexer.go:1596.2,1597.35 2 0
explorer/internal/indexer/indexer.go:1597.35,1600.3 2 0
explorer/internal/indexer/indexer.go:1602.2,1603.16 2 0
explorer/internal/indexer/indexer.go:1603.16,1605.3 1 0
explorer/internal/indexer/indexer.go:1607.2,1617.53 2 0
explorer/internal/indexer/indexer.go:1617.53,1619.3 1 0
explorer/internal/indexer/indexer.go:1619.8,1622.3 2 0
explorer/internal/indexer/indexer.go:1625.143,1628.16 2 0
explorer/internal/indexer/indexer.go:1628.16,1630.3 1 0
explorer/internal/indexer/indexer.go:1631.2,1632.18 2 0
explorer/internal/indexer/indexer.go:1632.18,1634.3 1 0
explorer/internal/indexer/indexer.go:1637.2,1638.16 2 0
explorer/internal/indexer/indexer.go:1638.16,1640.14 2 0
explorer/internal/indexer/indexer.go:1640.14,1642.4 1 0
explorer/internal/indexer/indexer.go:1646.2,1647.43 2 0
explorer/internal/indexer/indexer.go:1647.43,1649.3 1 0
explorer/internal/indexer/indexer.go:1649.8,1651.3 1 0
explorer/internal/indexer/indexer.go:1653.2,1653.36 1 0
explorer/internal/indexer/indexer.go:1656.44,1657.20 1 0
explorer/internal/indexer/indexer.go:1657.20,1660.3 1 0
explorer/internal/indexer/indexer.go:1663.2,1664.33 2 0
explorer/internal/indexer/indexer.go:1664.33,1666.3 1 0
explorer/internal/indexer/indexer.go:1668.2,1668.35 1 0
explorer/internal/indexer/indexer.go:1668.35,1670.3 1 0
explorer/internal/indexer/indexer.go:1672.2,1673.42 2 0
explorer/internal/indexer/indexer.go:1673.42,1675.3 1 0
explorer/internal/indexer/indexer.go:1677.2,1677.76 1 0
explorer/internal/indexer/missing_range_collector.go:25.72,33.2 1 0
explorer/internal/indexer/missing_range_collector.go:60.128,61.16 1 0
explorer/internal/indexer/missing_range_collector.go:61.16,63.3 1 0
explorer/internal/indexer/missing_range_collector.go:65.2,72.3 2 0
explorer/internal/indexer/missing_range_collector.go:75.66,77.16 2 0
explorer/internal/indexer/missing_range_collector.go:77.16,79.3 1 0
explorer/internal/indexer/missing_range_collector.go:80.2,83.45 3 0
explorer/internal/indexer/missing_range_collector.go:83.45,85.3 1 0
explorer/internal/indexer/missing_range_collector.go:87.2,88.16 2 0
explorer/internal/indexer/missing_range_collector.go:88.16,90.3 1 0
explorer/internal/indexer/missing_range_collector.go:92.2,92.53 1 0
explorer/internal/indexer/missing_range_collector.go:92.53,101.3 4 0
explorer/internal/indexer/missing_range_collector.go:101.8,103.17 2 0
explorer/internal/indexer/missing_range_collector.go:103.17,105.4 1 0
explorer/internal/indexer/missing_range_collector.go:107.3,107.21 1 0
explorer/internal/indexer/missing_range_collector.go:107.21,113.4 3 0
explorer/internal/indexer/missing_range_collector.go:113.9,118.4 3 0
explorer/internal/indexer/missing_range_collector.go:120.3,120.79 1 0
explorer/internal/indexer/missing_range_collector.go:123.2,123.54 1 0
explorer/internal/indexer/missing_range_collector.go:123.54,125.3 1 0
explorer/internal/indexer/missing_range_collector.go:127.2,136.12 5 0
explorer/internal/indexer/missing_range_collector.go:139.40,142.2 2 0
explorer/internal/indexer/missing_range_collector.go:144.90,150.87 4 0
explorer/internal/indexer/missing_range_collector.go:150.87,151.10 1 0
explorer/internal/indexer/missing_range_collector.go:152.21,153.20 1 0
explorer/internal/indexer/missing_range_collector.go:154.11,154.11 0 0
explorer/internal/indexer/missing_range_collector.go:157.3,158.26 2 0
explorer/internal/indexer/missing_range_collector.go:158.26,160.4 1 0
explorer/internal/indexer/missing_range_collector.go:162.3,163.17 2 0
explorer/internal/indexer/missing_range_collector.go:163.17,165.12 2 0
explorer/internal/indexer/missing_range_collector.go:168.3,168.22 1 0
explorer/internal/indexer/missing_range_collector.go:168.22,169.62 1 0
explorer/internal/indexer/missing_range_collector.go:169.62,171.13 2 0
explorer/internal/indexer/missing_range_collector.go:173.4,173.30 1 0
explorer/internal/indexer/missing_range_collector.go:176.3,176.50 1 0
explorer/internal/indexer/missing_range_collector.go:176.50,180.4 1 0
explorer/internal/indexer/missing_range_collector.go:183.2,189.12 4 0
explorer/internal/indexer/missing_range_collector.go:192.51,198.6 4 0
explorer/internal/indexer/missing_range_collector.go:198.6,199.10 1 0
explorer/internal/indexer/missing_range_collector.go:200.23,201.10 1 0
explorer/internal/indexer/missing_range_collector.go:202.19,206.71 3 0
explorer/internal/indexer/missing_range_collector.go:206.71,216.5 7 0
explorer/internal/indexer/missing_range_collector.go:216.10,218.5 1 0
explorer/internal/indexer/missing_range_collector.go:223.50,229.6 4 0
explorer/internal/indexer/missing_range_collector.go:229.6,230.10 1 0
explorer/internal/indexer/missing_range_collector.go:231.23,232.10 1 0
explorer/internal/indexer/missing_range_collector.go:233.19,234.19 1 0
explorer/internal/indexer/missing_range_collector.go:239.48,241.46 2 0
explorer/internal/indexer/missing_range_collector.go:241.46,244.3 2 0
explorer/internal/indexer/missing_range_collector.go:246.2,248.34 3 0
explorer/internal/indexer/missing_range_collector.go:248.34,250.3 1 0
explorer/internal/indexer/missing_range_collector.go:251.2,255.25 3 0
explorer/internal/indexer/missing_range_collector.go:255.25,257.3 1 0
explorer/internal/indexer/missing_range_collector.go:259.2,260.16 2 0
explorer/internal/indexer/missing_range_collector.go:260.16,263.3 2 0
explorer/internal/indexer/missing_range_collector.go:265.2,265.21 1 0
explorer/internal/indexer/missing_range_collector.go:265.21,266.63 1 0
explorer/internal/indexer/missing_range_collector.go:266.63,269.4 2 0
explorer/internal/indexer/missing_range_collector.go:271.3,272.28 2 0
explorer/internal/indexer/missing_range_collector.go:272.28,274.4 1 0
explorer/internal/indexer/missing_range_collector.go:275.3,279.35 1 0
explorer/internal/indexer/missing_range_collector.go:282.2,285.15 4 0
explorer/internal/indexer/missing_range_collector.go:288.47,290.16 2 0
explorer/internal/indexer/missing_range_collector.go:290.16,293.3 2 0
explorer/internal/indexer/missing_range_collector.go:295.2,296.36 2 0
explorer/internal/indexer/missing_range_collector.go:296.36,299.3 2 0
explorer/internal/indexer/missing_range_collector.go:301.2,306.16 5 0
explorer/internal/indexer/missing_range_collector.go:306.16,309.3 2 0
explorer/internal/indexer/missing_range_collector.go:311.2,311.21 1 0
explorer/internal/indexer/missing_range_collector.go:311.21,312.63 1 0
explorer/internal/indexer/missing_range_collector.go:312.63,315.4 2 0
explorer/internal/indexer/missing_range_collector.go:317.3,318.28 2 0
explorer/internal/indexer/missing_range_collector.go:318.28,320.4 1 0
explorer/internal/indexer/missing_range_collector.go:321.3,325.35 1 0
explorer/internal/indexer/missing_range_collector.go:328.2,332.15 5 0
explorer/internal/indexer/missing_range_collector.go:335.113,339.2 3 0
explorer/internal/indexer/missing_range_collector.go:341.116,343.2 1 0
explorer/internal/indexer/missing_range_collector.go:345.99,347.2 1 0
explorer/internal/indexer/missing_range_collector.go:349.91,351.2 1 0
explorer/internal/indexer/missing_range_collector.go:353.59,357.2 3 0
explorer/internal/indexer/realtime.go:63.20,78.2 2 0
explorer/internal/indexer/realtime.go:80.56,82.2 1 0
explorer/internal/indexer/realtime.go:84.66,88.2 3 0
explorer/internal/indexer/realtime.go:90.58,94.2 3 0
explorer/internal/indexer/realtime.go:96.85,98.9 2 0
explorer/internal/indexer/realtime.go:99.77,99.77 0 0
explorer/internal/indexer/realtime.go:100.20,101.19 1 0
explorer/internal/indexer/realtime.go:104.2,104.9 1 0
explorer/internal/indexer/realtime.go:105.21,106.13 1 0
explorer/internal/indexer/realtime.go:107.20,108.19 1 0
explorer/internal/indexer/realtime.go:112.79,121.16 5 0
explorer/internal/indexer/realtime.go:121.16,124.3 2 0
explorer/internal/indexer/realtime.go:126.2,127.49 2 0
explorer/internal/indexer/realtime.go:130.34,132.2 1 0
explorer/internal/indexer/realtime.go:134.134,137.6 2 0
explorer/internal/indexer/realtime.go:137.6,138.10 1 0
explorer/internal/indexer/realtime.go:139.21,140.20 1 0
explorer/internal/indexer/realtime.go:142.23,143.22 1 0
explorer/internal/indexer/realtime.go:145.27,147.32 2 0
explorer/internal/indexer/realtime.go:149.33,151.19 2 0
explorer/internal/indexer/realtime.go:153.28,154.21 1 0
explorer/internal/indexer/realtime.go:154.21,155.13 1 0
explorer/internal/indexer/realtime.go:158.4,162.73 4 0
explorer/internal/indexer/realtime.go:162.73,163.12 1 0
explorer/internal/indexer/realtime.go:164.35,166.21 2 0
explorer/internal/indexer/realtime.go:167.13,167.13 0 0
explorer/internal/indexer/realtime.go:170.5,170.21 1 0
explorer/internal/indexer/realtime.go:170.21,172.20 2 0
explorer/internal/indexer/realtime.go:172.20,174.7 1 0
explorer/internal/indexer/realtime.go:174.12,174.31 1 0
explorer/internal/indexer/realtime.go:174.31,176.69 2 0
explorer/internal/indexer/realtime.go:176.69,178.8 1 0
explorer/internal/indexer/realtime.go:179.7,180.15 2 0
explorer/internal/indexer/realtime.go:184.5,184.57 1 0
explorer/internal/indexer/realtime.go:184.57,186.11 2 0
explorer/internal/indexer/realtime.go:189.5,191.25 2 0
explorer/internal/indexer/realtime.go:191.25,193.6 1 0
explorer/internal/indexer/realtime.go:200.69,204.6 3 0
explorer/internal/indexer/realtime.go:204.6,205.10 1 0
explorer/internal/indexer/realtime.go:206.21,207.20 1 0
explorer/internal/indexer/realtime.go:209.23,210.22 1 0
explorer/internal/indexer/realtime.go:212.33,214.19 2 0
explorer/internal/indexer/realtime.go:216.19,218.18 2 0
explorer/internal/indexer/realtime.go:218.18,220.13 2 0
explorer/internal/indexer/realtime.go:223.4,226.73 3 0
explorer/internal/indexer/realtime.go:226.73,227.12 1 0
explorer/internal/indexer/realtime.go:228.35,230.21 2 0
explorer/internal/indexer/realtime.go:231.13,231.13 0 0
explorer/internal/indexer/realtime.go:234.5,234.21 1 0
explorer/internal/indexer/realtime.go:234.21,236.20 2 0
explorer/internal/indexer/realtime.go:236.20,238.7 1 0
explorer/internal/indexer/realtime.go:238.12,238.31 1 0
explorer/internal/indexer/realtime.go:238.31,240.69 2 0
explorer/internal/indexer/realtime.go:240.69,242.8 1 0
explorer/internal/indexer/realtime.go:243.7,244.15 2 0
explorer/internal/indexer/realtime.go:248.5,248.57 1 0
explorer/internal/indexer/realtime.go:248.57,250.11 2 0
explorer/internal/indexer/realtime.go:253.5,255.25 2 0
explorer/internal/indexer/realtime.go:255.25,257.6 1 0
explorer/internal/indexer/realtime.go:263.82,265.31 1 0
explorer/internal/indexer/realtime.go:265.31,267.3 1 0
explorer/internal/indexer/realtime.go:269.2,270.16 2 0
explorer/internal/indexer/realtime.go:270.16,272.3 1 0
explorer/internal/indexer/realtime.go:274.2,275.17 2 0
explorer/internal/indexer/realtime.go:275.17,277.3 1 0
explorer/internal/indexer/realtime.go:280.2,280.39 1 0
explorer/internal/indexer/realtime.go:283.85,296.2 2 0
explorer/internal/indexer/realtime.go:298.94,300.28 2 0
explorer/internal/indexer/realtime.go:300.28,303.3 2 0
explorer/internal/indexer/realtime.go:306.2,338.23 3 0
explorer/internal/indexer/realtime.go:338.23,340.3 1 0
explorer/internal/indexer/realtime.go:342.2,342.42 1 0
explorer/internal/indexer/realtime.go:345.97,358.2 2 0
explorer/internal/indexer/realtime.go:360.96,362.80 2 0
explorer/internal/indexer/realtime.go:362.80,366.39 3 0
explorer/internal/indexer/realtime.go:366.39,367.12 1 0
explorer/internal/indexer/realtime.go:371.3,372.32 2 0
explorer/internal/indexer/realtime.go:372.32,374.4 1 0
explorer/internal/indexer/realtime.go:374.9,377.18 3 0
explorer/internal/indexer/realtime.go:377.18,379.5 1 0
explorer/internal/indexer/realtime.go:381.3,381.17 1 0
explorer/internal/indexer/realtime.go:381.17,383.4 1 0
explorer/internal/indexer/realtime.go:385.3,385.36 1 0
explorer/internal/indexer/realtime.go:385.36,391.4 2 0
explorer/internal/indexer/realtime.go:393.2,393.15 1 0
explorer/internal/indexer/realtime.go:396.84,400.16 3 0
explorer/internal/indexer/realtime.go:400.16,402.3 1 0
explorer/internal/indexer/realtime.go:404.2,404.65 1 0
explorer/internal/indexer/realtime.go:404.65,405.57 1 0
explorer/internal/indexer/realtime.go:405.57,408.4 2 0
explorer/internal/indexer/realtime.go:409.3,409.59 1 0
explorer/internal/indexer/realtime.go:412.2,412.12 1 0
explorer/internal/indexer/token_cache.go:14.34,18.2 1 1
explorer/internal/indexer/token_cache.go:20.47,25.2 4 0
explorer/internal/indexer/token_cache.go:27.42,31.2 3 0
explorer/internal/indexer/token_cache.go:33.51,36.33 3 0
explorer/internal/indexer/token_cache.go:36.33,38.3 1 0
explorer/internal/indexer/token_cache.go:41.79,43.16 2 0
explorer/internal/indexer/token_cache.go:43.16,45.3 1 0
explorer/internal/indexer/token_cache.go:47.2,49.33 3 0
explorer/internal/indexer/token_cache.go:49.33,51.3 1 0
explorer/internal/indexer/token_cache.go:52.2,52.12 1 0
explorer/internal/indexer/token_cache.go:55.33,59.2 3 0
explorer/internal/indexer/token_cache.go:66.40,70.2 1 1
explorer/internal/indexer/token_cache.go:72.50,77.2 4 1
explorer/internal/indexer/token_cache.go:79.45,83.2 3 0
explorer/internal/indexer/token_cache.go:85.36,89.2 3 0
explorer/internal/config/config.go:56.34,98.2 33 0
explorer/internal/config/config.go:100.30,157.39 45 0
explorer/internal/config/config.go:157.39,159.3 1 0
explorer/internal/config/config.go:161.2,161.17 1 0
explorer/internal/config/config.go:164.35,165.20 1 0
explorer/internal/config/config.go:165.20,167.3 1 0
explorer/internal/config/config.go:168.2,168.25 1 0
explorer/internal/config/config.go:168.25,170.3 1 0
explorer/internal/config/config.go:171.2,171.41 1 0
explorer/internal/config/config.go:171.41,173.3 1 0
explorer/internal/config/config.go:174.2,174.23 1 0
explorer/internal/config/config.go:174.23,176.3 1 0
explorer/internal/config/config.go:177.2,177.25 1 0
explorer/internal/config/config.go:177.25,179.3 1 0
explorer/internal/config/config.go:180.2,180.24 1 0
explorer/internal/config/config.go:180.24,181.23 1 0
explorer/internal/config/config.go:181.23,183.4 1 0
explorer/internal/config/config.go:184.3,184.36 1 0
explorer/internal/config/config.go:184.36,186.4 1 0
explorer/internal/config/config.go:188.2,188.12 1 0
explorer/internal/config/config.go:191.34,248.2 2 0
explorer/internal/config/config.go:250.46,252.17 2 0
explorer/internal/config/config.go:252.17,254.3 1 0
explorer/internal/config/config.go:255.2,256.18 2 0
explorer/internal/config/config.go:256.18,258.3 1 0
explorer/internal/config/config.go:260.2,262.20 3 0
explorer/internal/config/config.go:262.20,264.3 1 0
explorer/internal/config/config.go:266.2,266.63 1 0
explorer/internal/events/bus.go:23.70,25.16 2 0
explorer/internal/events/bus.go:25.16,27.3 1 0
explorer/internal/events/bus.go:28.2,31.8 1 0
explorer/internal/events/bus.go:42.20,46.2 1 0
explorer/internal/events/bus.go:48.60,55.2 5 0
explorer/internal/events/bus.go:57.44,71.32 5 0
explorer/internal/events/bus.go:71.32,73.3 1 0
explorer/internal/events/bus.go:75.2,75.11 1 0
explorer/internal/events/bus.go:78.45,82.45 3 0
explorer/internal/events/bus.go:82.45,83.28 1 0
explorer/internal/events/bus.go:83.28,84.17 1 0
explorer/internal/events/bus.go:84.17,86.10 2 0
explorer/internal/events/bus.go:92.37,96.14 3 0
explorer/internal/events/bus.go:96.14,98.3 1 0
explorer/internal/events/bus.go:100.2,101.9 2 0
explorer/internal/events/bus.go:101.9,103.3 1 0
explorer/internal/events/bus.go:105.2,105.26 1 0
explorer/internal/events/bus.go:105.26,106.10 1 0
explorer/internal/events/bus.go:107.20,107.20 0 0
explorer/internal/events/bus.go:108.11,108.11 0 0
explorer/internal/events/bus.go:113.56,115.16 2 0
explorer/internal/events/bus.go:115.16,117.3 1 0
explorer/internal/events/bus.go:118.2,119.12 2 0
explorer/internal/events/bus.go:122.59,124.16 2 0
explorer/internal/events/bus.go:124.16,126.3 1 0
explorer/internal/events/bus.go:127.2,128.12 2 0
explorer/internal/events/bus.go:131.82,137.16 3 0
explorer/internal/events/bus.go:137.16,139.3 1 0
explorer/internal/events/bus.go:140.2,141.12 2 0
explorer/internal/events/bus.go:144.59,146.16 2 0
explorer/internal/events/bus.go:146.16,148.3 1 0
explorer/internal/events/bus.go:149.2,150.12 2 0
explorer/internal/events/bus.go:153.59,155.16 2 0
explorer/internal/events/bus.go:155.16,157.3 1 0
explorer/internal/events/bus.go:158.2,159.12 2 0
explorer/internal/events/bus.go:162.23,169.37 5 0
explorer/internal/events/bus.go:169.37,170.27 1 0
explorer/internal/events/bus.go:170.27,171.24 1 0
explorer/internal/events/bus.go:171.24,174.5 2 0
explorer/internal/events/bus.go:178.2,178.51 1 0
explorer/internal/db/batch.go:32.79,34.16 2 0
explorer/internal/db/batch.go:34.16,36.3 1 0
explorer/internal/db/batch.go:37.2,39.23 2 0
explorer/internal/db/batch.go:39.23,49.17 2 0
explorer/internal/db/batch.go:49.17,51.4 1 0
explorer/internal/db/batch.go:54.2,54.32 1 0
explorer/internal/db/batch.go:54.32,56.39 2 0
explorer/internal/db/batch.go:56.39,64.4 1 0
explorer/internal/db/batch.go:65.3,66.36 2 0
explorer/internal/db/batch.go:66.36,68.4 1 0
explorer/internal/db/batch.go:71.2,71.29 1 0
explorer/internal/db/batch.go:71.29,73.36 2 0
explorer/internal/db/batch.go:73.36,81.4 1 0
explorer/internal/db/batch.go:82.3,83.36 2 0
explorer/internal/db/batch.go:83.36,85.4 1 0
explorer/internal/db/batch.go:88.2,88.26 1 0
explorer/internal/db/batch.go:88.26,90.33 2 0
explorer/internal/db/batch.go:90.33,100.4 1 0
explorer/internal/db/batch.go:101.3,102.36 2 0
explorer/internal/db/batch.go:102.36,104.4 1 0
explorer/internal/db/batch.go:107.2,107.24 1 0
explorer/internal/db/batch.go:107.24,109.31 2 0
explorer/internal/db/batch.go:109.31,115.4 1 0
explorer/internal/db/batch.go:116.3,117.36 2 0
explorer/internal/db/batch.go:117.36,119.4 1 0
explorer/internal/db/batch.go:122.2,122.29 1 0
explorer/internal/db/batch.go:122.29,124.36 2 0
explorer/internal/db/batch.go:124.36,132.4 1 0
explorer/internal/db/batch.go:133.3,134.36 2 0
explorer/internal/db/batch.go:134.36,136.4 1 0
explorer/internal/db/batch.go:139.2,139.40 1 0
explorer/internal/db/batch.go:139.40,141.48 2 0
explorer/internal/db/batch.go:141.48,149.4 1 0
explorer/internal/db/batch.go:150.3,151.36 2 0
explorer/internal/db/batch.go:151.36,153.4 1 0
explorer/internal/db/batch.go:156.2,156.58 1 0
explorer/internal/db/batch.go:156.58,158.39 2 0
explorer/internal/db/batch.go:158.39,170.4 1 0
explorer/internal/db/batch.go:171.3,172.36 2 0
explorer/internal/db/batch.go:172.36,174.4 1 0
explorer/internal/db/batch.go:177.2,177.23 1 0
explorer/internal/db/batch.go:181.61,251.2 2 0
explorer/internal/db/batch.go:253.88,254.24 1 0
explorer/internal/db/batch.go:254.24,256.3 1 0
explorer/internal/db/batch.go:258.2,259.16 2 0
explorer/internal/db/batch.go:259.16,261.3 1 0
explorer/internal/db/batch.go:262.2,265.29 3 0
explorer/internal/db/batch.go:265.29,271.3 1 0
explorer/internal/db/batch.go:273.2,274.35 2 0
explorer/internal/db/batch.go:274.35,276.3 1 0
explorer/internal/db/batch.go:278.2,278.23 1 0
explorer/internal/db/batch.go:281.74,283.16 2 0
explorer/internal/db/batch.go:283.16,285.3 1 0
explorer/internal/db/batch.go:286.2,289.18 3 0
explorer/internal/db/batch.go:289.18,291.42 2 0
explorer/internal/db/batch.go:291.42,293.4 1 0
explorer/internal/db/batch.go:294.3,294.38 1 0
explorer/internal/db/batch.go:296.2,296.30 1 0
explorer/internal/db/db.go:22.43,24.16 2 0
explorer/internal/db/db.go:24.16,26.3 1 0
explorer/internal/db/db.go:27.2,27.56 1 0
explorer/internal/db/db.go:27.56,29.3 1 0
explorer/internal/db/db.go:30.2,30.29 1 0
explorer/internal/db/db.go:33.22,35.2 1 0
explorer/internal/db/db.go:37.30,41.16 3 0
explorer/internal/db/db.go:41.16,43.3 1 0
explorer/internal/db/db.go:44.2,47.16 3 0
explorer/internal/db/db.go:47.16,49.3 1 0
explorer/internal/db/db.go:51.2,52.16 2 0
explorer/internal/db/db.go:52.16,54.3 1 0
explorer/internal/db/db.go:56.2,57.16 2 0
explorer/internal/db/db.go:57.16,59.3 1 0
explorer/internal/db/db.go:61.2,61.80 1 0
explorer/internal/db/db.go:61.80,63.3 1 0
explorer/internal/db/db.go:65.2,68.45 3 0
explorer/internal/db/db.go:68.45,70.3 1 0
explorer/internal/db/db.go:72.2,72.12 1 0
explorer/internal/db/missing_ranges.go:25.80,31.26 3 0
explorer/internal/db/missing_ranges.go:31.26,33.3 1 0
explorer/internal/db/missing_ranges.go:34.2,34.16 1 0
explorer/internal/db/missing_ranges.go:37.113,47.2 2 0
explorer/internal/db/missing_ranges.go:49.80,50.22 1 0
explorer/internal/db/missing_ranges.go:50.22,52.3 1 0
explorer/internal/db/missing_ranges.go:54.2,55.27 2 0
explorer/internal/db/missing_ranges.go:55.27,61.3 1 0
explorer/internal/db/missing_ranges.go:63.2,66.19 3 0
explorer/internal/db/missing_ranges.go:66.19,68.17 2 0
explorer/internal/db/missing_ranges.go:68.17,70.4 1 0
explorer/internal/db/missing_ranges.go:72.2,72.12 1 0
explorer/internal/db/missing_ranges.go:76.94,82.16 2 0
explorer/internal/db/missing_ranges.go:82.16,84.3 1 0
explorer/internal/db/missing_ranges.go:85.2,88.18 3 0
explorer/internal/db/missing_ranges.go:88.18,90.84 2 0
explorer/internal/db/missing_ranges.go:90.84,92.4 1 0
explorer/internal/db/missing_ranges.go:93.3,93.29 1 0
explorer/internal/db/missing_ranges.go:95.2,95.27 1 0
explorer/internal/db/missing_ranges.go:98.68,101.2 2 0
explorer/internal/db/missing_ranges.go:103.87,108.2 2 0
explorer/internal/db/missing_ranges.go:112.91,117.16 3 0
explorer/internal/db/missing_ranges.go:117.16,119.3 1 0
explorer/internal/db/missing_ranges.go:121.2,122.16 2 0
explorer/internal/db/missing_ranges.go:122.16,124.3 1 0
explorer/internal/db/missing_ranges.go:126.2,126.31 1 0
explorer/internal/db/missing_ranges.go:126.31,127.22 1 0
explorer/internal/db/missing_ranges.go:127.22,131.4 1 0
explorer/internal/db/missing_ranges.go:132.8,132.36 1 0
explorer/internal/db/missing_ranges.go:132.36,133.22 1 0
explorer/internal/db/missing_ranges.go:133.22,137.4 1 0
explorer/internal/db/missing_ranges.go:138.8,138.63 1 0
explorer/internal/db/missing_ranges.go:138.63,143.3 1 0
explorer/internal/db/missing_ranges.go:144.2,144.12 1 0
explorer/internal/db/missing_ranges.go:147.72,151.2 3 0
explorer/internal/db/missing_ranges.go:153.72,157.18 3 0
explorer/internal/db/missing_ranges.go:157.18,159.3 1 0
explorer/internal/db/missing_ranges.go:160.2,160.20 1 0
explorer/internal/db/missing_ranges.go:163.109,186.16 2 0
explorer/internal/db/missing_ranges.go:186.16,188.3 1 0
explorer/internal/db/missing_ranges.go:189.2,192.18 3 0
explorer/internal/db/missing_ranges.go:192.18,194.63 2 0
explorer/internal/db/missing_ranges.go:194.63,196.4 1 0
explorer/internal/db/missing_ranges.go:197.3,197.29 1 0
explorer/internal/db/missing_ranges.go:199.2,199.27 1 0
explorer/internal/db/missing_ranges.go:202.94,206.19 3 0
explorer/internal/db/missing_ranges.go:206.19,208.3 1 0
explorer/internal/db/missing_ranges.go:209.2,209.19 1 0
explorer/internal/db/missing_ranges.go:209.19,211.3 1 0
explorer/internal/db/missing_ranges.go:212.2,212.8 1 0
explorer/internal/db/missing_ranges.go:215.64,219.2 3 0
explorer/internal/db/missing_ranges.go:221.60,224.2 2 0
explorer/internal/db/missing_ranges.go:226.73,231.2 3 0
explorer/internal/db/op_deposits.go:11.92,12.24 1 0
explorer/internal/db/op_deposits.go:12.24,14.3 1 0
explorer/internal/db/op_deposits.go:16.2,17.16 2 0
explorer/internal/db/op_deposits.go:17.16,19.3 1 0
explorer/internal/db/op_deposits.go:20.2,23.31 3 0
explorer/internal/db/op_deposits.go:23.31,29.3 1 0
explorer/internal/db/op_deposits.go:31.2,32.35 2 0
explorer/internal/db/op_deposits.go:32.35,34.3 1 0
explorer/internal/db/op_deposits.go:36.2,36.23 1 0
explorer/internal/db/op_deposits.go:39.91,47.16 3 0
explorer/internal/db/op_deposits.go:47.16,48.27 1 0
explorer/internal/db/op_deposits.go:48.27,50.4 1 0
explorer/internal/db/op_deposits.go:51.3,51.18 1 0
explorer/internal/db/op_deposits.go:53.2,53.18 1 0
explorer/internal/db/op_deposits.go:56.73,60.16 3 0
explorer/internal/db/op_deposits.go:60.16,62.3 1 0
explorer/internal/db/op_deposits.go:63.2,63.21 1 0
explorer/internal/db/op_deposits.go:63.21,65.3 1 0
explorer/internal/db/op_deposits.go:66.2,66.23 1 0
explorer/internal/db/queries.go:15.72,18.30 3 0
explorer/internal/db/queries.go:18.30,20.3 1 0
explorer/internal/db/queries.go:21.2,21.18 1 0
explorer/internal/db/queries.go:24.69,33.2 2 0
explorer/internal/db/queries.go:35.81,43.26 3 0
explorer/internal/db/queries.go:43.26,45.3 1 0
explorer/internal/db/queries.go:46.2,46.16 1 0
explorer/internal/db/queries.go:49.85,57.26 3 0
explorer/internal/db/queries.go:57.26,59.3 1 0
explorer/internal/db/queries.go:60.2,60.16 1 0
explorer/internal/db/queries.go:63.100,67.24 3 0
explorer/internal/db/queries.go:67.24,72.3 1 0
explorer/internal/db/queries.go:72.8,77.3 1 0
explorer/internal/db/queries.go:78.2,78.16 1 0
explorer/internal/db/queries.go:78.16,80.3 1 0
explorer/internal/db/queries.go:81.2,84.18 3 0
explorer/internal/db/queries.go:84.18,87.160 2 0
explorer/internal/db/queries.go:87.160,89.4 1 0
explorer/internal/db/queries.go:90.3,90.29 1 0
explorer/internal/db/queries.go:92.2,92.27 1 0
explorer/internal/db/queries.go:95.68,98.2 2 0
explorer/internal/db/queries.go:102.82,111.2 2 0
explorer/internal/db/queries.go:113.91,126.26 4 0
explorer/internal/db/queries.go:126.26,128.3 1 0
explorer/internal/db/queries.go:129.2,129.16 1 0
explorer/internal/db/queries.go:129.16,131.3 1 0
explorer/internal/db/queries.go:132.2,133.17 2 0
explorer/internal/db/queries.go:136.112,140.24 3 0
explorer/internal/db/queries.go:140.24,148.3 1 0
explorer/internal/db/queries.go:148.8,156.3 1 0
explorer/internal/db/queries.go:157.2,157.16 1 0
explorer/internal/db/queries.go:157.16,159.3 1 0
explorer/internal/db/queries.go:160.2,162.44 2 0
explorer/internal/db/queries.go:165.116,168.16 3 0
explorer/internal/db/queries.go:168.16,170.3 1 0
explorer/internal/db/queries.go:172.2,181.16 3 0
explorer/internal/db/queries.go:181.16,183.3 1 0
explorer/internal/db/queries.go:184.2,187.24 3 0
explorer/internal/db/queries.go:190.107,198.16 2 0
explorer/internal/db/queries.go:198.16,200.3 1 0
explorer/internal/db/queries.go:201.2,202.44 2 0
explorer/internal/db/queries.go:205.137,209.24 3 0
explorer/internal/db/queries.go:209.24,218.3 1 0
explorer/internal/db/queries.go:218.8,227.3 1 0
explorer/internal/db/queries.go:228.2,228.16 1 0
explorer/internal/db/queries.go:228.16,230.3 1 0
explorer/internal/db/queries.go:231.2,232.44 2 0
explorer/internal/db/queries.go:235.80,237.18 2 0
explorer/internal/db/queries.go:237.18,242.99 3 0
explorer/internal/db/queries.go:242.99,244.4 1 0
explorer/internal/db/queries.go:245.3,246.24 2 0
explorer/internal/db/queries.go:248.2,248.24 1 0
explorer/internal/db/queries.go:251.126,267.24 4 0
explorer/internal/db/queries.go:267.24,270.3 2 0
explorer/internal/db/queries.go:270.8,273.3 2 0
explorer/internal/db/queries.go:274.2,274.16 1 0
explorer/internal/db/queries.go:274.16,276.3 1 0
explorer/internal/db/queries.go:277.2,279.45 2 0
explorer/internal/db/queries.go:282.130,285.16 3 0
explorer/internal/db/queries.go:285.16,287.3 1 0
explorer/internal/db/queries.go:289.2,303.16 3 0
explorer/internal/db/queries.go:303.16,305.3 1 0
explorer/internal/db/queries.go:306.2,309.24 3 0
explorer/internal/db/queries.go:312.105,335.26 6 0
explorer/internal/db/queries.go:335.26,337.3 1 0
explorer/internal/db/queries.go:338.2,338.16 1 0
explorer/internal/db/queries.go:338.16,340.3 1 0
explorer/internal/db/queries.go:341.2,345.17 4 0
explorer/internal/db/queries.go:348.81,350.18 2 0
explorer/internal/db/queries.go:350.18,359.92 5 0
explorer/internal/db/queries.go:359.92,361.4 1 0
explorer/internal/db/queries.go:362.3,366.24 4 0
explorer/internal/db/queries.go:368.2,368.24 1 0
explorer/internal/db/queries.go:371.112,373.24 2 0
explorer/internal/db/queries.go:373.24,375.3 1 0
explorer/internal/db/queries.go:376.2,376.20 1 0
explorer/internal/db/queries.go:376.20,378.3 1 0
explorer/internal/db/queries.go:379.2,379.20 1 0
explorer/internal/db/queries.go:379.20,381.3 1 0
explorer/internal/db/queries.go:382.2,382.28 1 0
explorer/internal/db/queries.go:382.28,384.3 1 0
explorer/internal/db/queries.go:385.2,385.19 1 0
explorer/internal/db/queries.go:390.69,401.2 2 0
explorer/internal/db/queries.go:403.82,411.26 3 0
explorer/internal/db/queries.go:411.26,413.3 1 0
explorer/internal/db/queries.go:414.2,414.16 1 0
explorer/internal/db/queries.go:417.116,420.21 3 0
explorer/internal/db/queries.go:420.21,423.3 2 0
explorer/internal/db/queries.go:423.8,425.3 1 0
explorer/internal/db/queries.go:427.2,429.21 3 0
explorer/internal/db/queries.go:429.21,435.3 1 0
explorer/internal/db/queries.go:435.8,440.3 1 0
explorer/internal/db/queries.go:441.2,441.16 1 0
explorer/internal/db/queries.go:441.16,443.3 1 0
explorer/internal/db/queries.go:444.2,447.18 3 0
explorer/internal/db/queries.go:447.18,450.122 2 0
explorer/internal/db/queries.go:450.122,452.4 1 0
explorer/internal/db/queries.go:453.3,453.29 1 0
explorer/internal/db/queries.go:455.2,455.34 1 0
explorer/internal/db/queries.go:458.110,463.2 2 0
explorer/internal/db/queries.go:465.106,471.2 2 0
explorer/internal/db/queries.go:475.85,484.2 2 0
explorer/internal/db/queries.go:486.136,490.24 3 0
explorer/internal/db/queries.go:490.24,496.3 1 0
explorer/internal/db/queries.go:496.8,502.3 1 0
explorer/internal/db/queries.go:503.2,503.16 1 0
explorer/internal/db/queries.go:503.16,505.3 1 0
explorer/internal/db/queries.go:506.2,507.33 2 0
explorer/internal/db/queries.go:510.107,516.16 2 0
explorer/internal/db/queries.go:516.16,518.3 1 0
explorer/internal/db/queries.go:519.2,520.33 2 0
explorer/internal/db/queries.go:523.137,532.16 4 0
explorer/internal/db/queries.go:532.16,534.3 1 0
explorer/internal/db/queries.go:535.2,538.30 3 0
explorer/internal/db/queries.go:541.112,550.16 4 0
explorer/internal/db/queries.go:550.16,552.3 1 0
explorer/internal/db/queries.go:553.2,556.30 3 0
explorer/internal/db/queries.go:559.71,561.18 2 0
explorer/internal/db/queries.go:561.18,565.88 3 0
explorer/internal/db/queries.go:565.88,567.4 1 0
explorer/internal/db/queries.go:568.3,569.35 2 0
explorer/internal/db/queries.go:571.2,571.30 1 0
explorer/internal/db/queries.go:576.131,599.16 4 0
explorer/internal/db/queries.go:599.16,601.3 1 0
explorer/internal/db/queries.go:602.2,605.18 3 0
explorer/internal/db/queries.go:605.18,608.90 3 0
explorer/internal/db/queries.go:608.90,610.4 1 0
explorer/internal/db/queries.go:611.3,612.31 2 0
explorer/internal/db/queries.go:614.2,614.35 1 0
explorer/internal/db/queries.go:619.73,626.2 2 0
explorer/internal/db/queries.go:628.113,637.26 4 0
explorer/internal/db/queries.go:637.26,639.3 1 0
explorer/internal/db/queries.go:640.2,640.16 1 0
explorer/internal/db/queries.go:640.16,642.3 1 0
explorer/internal/db/queries.go:643.2,644.16 2 0
explorer/internal/db/queries.go:647.126,653.16 2 0
explorer/internal/db/queries.go:653.16,655.3 1 0
explorer/internal/db/queries.go:656.2,659.18 3 0
explorer/internal/db/queries.go:659.18,662.93 3 0
explorer/internal/db/queries.go:662.93,664.4 1 0
explorer/internal/db/queries.go:665.3,666.33 2 0
explorer/internal/db/queries.go:668.2,668.29 1 0
explorer/internal/db/queries.go:671.93,682.16 2 0
explorer/internal/db/queries.go:682.16,684.3 1 0
explorer/internal/db/queries.go:685.2,688.18 3 0
explorer/internal/db/queries.go:688.18,691.93 3 0
explorer/internal/db/queries.go:691.93,693.4 1 0
explorer/internal/db/queries.go:694.3,695.33 2 0
explorer/internal/db/queries.go:697.2,697.29 1 0
explorer/internal/db/queries.go:702.107,711.2 2 0
explorer/internal/db/queries.go:713.97,718.26 3 0
explorer/internal/db/queries.go:718.26,720.3 1 0
explorer/internal/db/queries.go:721.2,721.19 1 0
explorer/internal/db/queries.go:724.88,728.16 2 0
explorer/internal/db/queries.go:728.16,730.3 1 0
explorer/internal/db/queries.go:731.2,734.18 3 0
explorer/internal/db/queries.go:734.18,736.87 2 0
explorer/internal/db/queries.go:736.87,738.4 1 0
explorer/internal/db/queries.go:739.3,739.33 1 0
explorer/internal/db/queries.go:741.2,741.29 1 0
explorer/internal/db/queries.go:746.113,757.2 2 0
explorer/internal/db/queries.go:759.129,768.2 2 0
explorer/internal/db/queries.go:770.96,776.26 3 0
explorer/internal/db/queries.go:776.26,778.3 1 0
explorer/internal/db/queries.go:779.2,779.16 1 0
explorer/internal/db/queries.go:782.113,785.16 3 0
explorer/internal/db/queries.go:785.16,787.3 1 0
explorer/internal/db/queries.go:789.2,795.16 3 0
explorer/internal/db/queries.go:795.16,797.3 1 0
explorer/internal/db/queries.go:798.2,801.18 3 0
explorer/internal/db/queries.go:801.18,803.158 2 0
explorer/internal/db/queries.go:803.158,805.4 1 0
explorer/internal/db/queries.go:806.3,806.33 1 0
explorer/internal/db/queries.go:809.2,809.36 1 0
explorer/internal/db/queries.go:814.75,823.2 2 0
explorer/internal/db/queries.go:825.88,835.26 3 0
explorer/internal/db/queries.go:835.26,837.3 1 0
explorer/internal/db/queries.go:838.2,838.16 1 0
explorer/internal/db/queries.go:841.76,845.2 3 0
explorer/internal/db/queries.go:847.257,863.2 2 0
explorer/internal/db/queries.go:865.96,871.2 2 0
explorer/internal/db/queries.go:873.93,878.16 2 0
explorer/internal/db/queries.go:878.16,880.3 1 0
explorer/internal/db/queries.go:882.2,882.32 1 0
explorer/internal/db/queries.go:882.32,888.3 1 0
explorer/internal/db/queries.go:889.2,889.12 1 0
explorer/internal/db/queries.go:892.112,901.16 4 0
explorer/internal/db/queries.go:901.16,903.3 1 0
explorer/internal/db/queries.go:904.2,907.18 3 0
explorer/internal/db/queries.go:907.18,910.126 2 0
explorer/internal/db/queries.go:910.126,912.4 1 0
explorer/internal/db/queries.go:913.3,913.35 1 0
explorer/internal/db/queries.go:915.2,915.37 1 0
explorer/internal/db/queries.go:920.65,927.2 2 0
explorer/internal/db/queries.go:929.92,934.16 2 0
explorer/internal/db/queries.go:934.16,936.3 1 0
explorer/internal/db/queries.go:937.2,938.23 2 0
explorer/internal/db/queries.go:941.119,949.16 4 0
explorer/internal/db/queries.go:949.16,951.3 1 0
explorer/internal/db/queries.go:952.2,955.25 3 0
explorer/internal/db/queries.go:958.116,966.16 4 0
explorer/internal/db/queries.go:966.16,968.3 1 0
explorer/internal/db/queries.go:969.2,972.25 3 0
explorer/internal/db/queries.go:975.144,980.20 4 0
explorer/internal/db/queries.go:980.20,984.3 3 0
explorer/internal/db/queries.go:985.2,985.19 1 0
explorer/internal/db/queries.go:985.19,989.3 3 0
explorer/internal/db/queries.go:990.2,990.22 1 0
explorer/internal/db/queries.go:990.22,994.3 3 0
explorer/internal/db/queries.go:995.2,995.20 1 0
explorer/internal/db/queries.go:995.20,999.3 3 0
explorer/internal/db/queries.go:1001.2,1005.16 4 0
explorer/internal/db/queries.go:1005.16,1007.3 1 0
explorer/internal/db/queries.go:1008.2,1009.23 2 0
explorer/internal/db/queries.go:1012.51,1014.18 2 0
explorer/internal/db/queries.go:1014.18,1016.173 2 0
explorer/internal/db/queries.go:1016.173,1018.4 1 0
explorer/internal/db/queries.go:1019.3,1019.25 1 0
explorer/internal/db/queries.go:1021.2,1021.25 1 0
explorer/internal/db/queries.go:1026.98,1035.2 2 0
explorer/internal/db/queries.go:1037.115,1043.16 2 0
explorer/internal/db/queries.go:1043.16,1045.3 1 0
explorer/internal/db/queries.go:1046.2,1047.39 2 0
explorer/internal/db/queries.go:1050.123,1056.16 2 0
explorer/internal/db/queries.go:1056.16,1058.3 1 0
explorer/internal/db/queries.go:1059.2,1060.39 2 0
explorer/internal/db/queries.go:1063.151,1075.16 4 0
explorer/internal/db/queries.go:1075.16,1077.3 1 0
explorer/internal/db/queries.go:1078.2,1081.24 3 0
explorer/internal/db/queries.go:1084.83,1086.18 2 0
explorer/internal/db/queries.go:1086.18,1090.101 3 0
explorer/internal/db/queries.go:1090.101,1092.4 1 0
explorer/internal/db/queries.go:1093.3,1094.24 2 0
explorer/internal/db/queries.go:1096.2,1096.24 1 0
explorer/internal/db/queries.go:1101.76,1107.26 3 0
explorer/internal/db/queries.go:1107.26,1109.3 1 0
explorer/internal/db/queries.go:1110.2,1110.16 1 0
explorer/internal/db/queries.go:1113.99,1119.2 2 0
explorer/internal/db/queries.go:1121.111,1130.2 2 0
explorer/internal/db/queries.go:1134.76,1149.25 4 0
explorer/internal/db/queries.go:1149.25,1151.3 1 0
explorer/internal/db/queries.go:1152.2,1152.20 1 0
explorer/internal/db/queries.go:1155.121,1166.16 2 0
explorer/internal/db/queries.go:1166.16,1168.3 1 0
explorer/internal/db/queries.go:1169.2,1172.18 3 0
explorer/internal/db/queries.go:1172.18,1174.59 2 0
explorer/internal/db/queries.go:1174.59,1176.4 1 0
explorer/internal/db/queries.go:1177.3,1177.29 1 0
explorer/internal/db/queries.go:1181.2,1181.55 1 0
explorer/internal/db/queries.go:1181.55,1183.3 1 0
explorer/internal/db/queries.go:1185.2,1185.27 1 0
explorer/internal/db/queries.go:1190.112,1193.22 2 0
explorer/internal/db/queries.go:1193.22,1198.17 2 0
explorer/internal/db/queries.go:1198.17,1200.4 1 0
explorer/internal/db/queries.go:1201.3,1203.19 2 0
explorer/internal/db/queries.go:1203.19,1205.42 2 0
explorer/internal/db/queries.go:1205.42,1207.5 1 0
explorer/internal/db/queries.go:1208.4,1212.6 1 0
explorer/internal/db/queries.go:1214.3,1214.36 1 0
explorer/internal/db/queries.go:1214.36,1216.4 1 0
explorer/internal/db/queries.go:1219.2,1219.42 1 0
explorer/internal/db/queries.go:1219.42,1224.17 2 0
explorer/internal/db/queries.go:1224.17,1226.4 1 0
explorer/internal/db/queries.go:1227.3,1229.19 2 0
explorer/internal/db/queries.go:1229.19,1231.43 2 0
explorer/internal/db/queries.go:1231.43,1233.5 1 0
explorer/internal/db/queries.go:1234.4,1238.6 1 0
explorer/internal/db/queries.go:1240.3,1240.36 1 0
explorer/internal/db/queries.go:1240.36,1242.4 1 0
explorer/internal/db/queries.go:1245.2,1245.42 1 0
explorer/internal/db/queries.go:1245.42,1250.17 2 0
explorer/internal/db/queries.go:1250.17,1252.4 1 0
explorer/internal/db/queries.go:1253.3,1255.19 2 0
explorer/internal/db/queries.go:1255.19,1258.56 3 0
explorer/internal/db/queries.go:1258.56,1260.5 1 0
explorer/internal/db/queries.go:1261.4,1265.6 1 0
explorer/internal/db/queries.go:1267.3,1267.36 1 0
explorer/internal/db/queries.go:1267.36,1269.4 1 0
explorer/internal/db/queries.go:1272.2,1272.21 1 0
explorer/internal/db/queries.go:1272.21,1277.17 2 0
explorer/internal/db/queries.go:1277.17,1279.4 1 0
explorer/internal/db/queries.go:1280.3,1282.19 2 0
explorer/internal/db/queries.go:1282.19,1285.62 3 0
explorer/internal/db/queries.go:1285.62,1287.5 1 0
explorer/internal/db/queries.go:1288.4,1289.34 2 0
explorer/internal/db/queries.go:1289.34,1291.5 1 0
explorer/internal/db/queries.go:1292.4,1296.6 1 0
explorer/internal/db/queries.go:1298.3,1298.36 1 0
explorer/internal/db/queries.go:1298.36,1300.4 1 0
explorer/internal/db/queries.go:1303.2,1303.25 1 0
explorer/internal/db/queries.go:1306.31,1307.22 1 0
explorer/internal/db/queries.go:1307.22,1308.25 1 0
explorer/internal/db/queries.go:1308.25,1310.4 1 0
explorer/internal/db/queries.go:1312.2,1312.19 1 0
explorer/internal/db/queries.go:1315.39,1316.21 1 0
explorer/internal/db/queries.go:1316.21,1318.3 1 0
explorer/internal/db/queries.go:1319.2,1319.47 1 0
explorer/internal/db/queries.go:1329.127,1349.16 4 0
explorer/internal/db/queries.go:1349.16,1351.3 1 0
explorer/internal/db/queries.go:1353.2,1358.8 1 0
explorer/internal/gas/tracker.go:39.30,47.2 1 0
explorer/internal/gas/tracker.go:60.58,61.16 1 0
explorer/internal/gas/tracker.go:61.16,63.3 1 0
explorer/internal/gas/tracker.go:64.2,71.3 1 0
explorer/internal/gas/tracker.go:74.73,76.68 2 0
explorer/internal/gas/tracker.go:76.68,79.3 2 0
explorer/internal/gas/tracker.go:80.2,83.16 3 0
explorer/internal/gas/tracker.go:83.16,85.3 1 0
explorer/internal/gas/tracker.go:87.2,91.20 4 0
explorer/internal/gas/tracker.go:94.70,102.16 2 0
explorer/internal/gas/tracker.go:102.16,104.3 1 0
explorer/internal/gas/tracker.go:106.2,110.41 2 0
explorer/internal/gas/tracker.go:110.41,111.30 1 0
explorer/internal/gas/tracker.go:111.30,113.4 1 0
explorer/internal/gas/tracker.go:114.3,114.29 1 0
explorer/internal/gas/tracker.go:117.2,118.60 2 0
explorer/internal/gas/tracker.go:118.60,121.3 2 0
explorer/internal/gas/tracker.go:123.2,123.60 1 0
explorer/internal/gas/tracker.go:123.60,126.52 3 0
explorer/internal/gas/tracker.go:126.52,129.4 2 0
explorer/internal/gas/tracker.go:130.3,135.4 1 0
explorer/internal/gas/tracker.go:138.2,138.64 1 0
explorer/internal/gas/tracker.go:138.64,141.54 3 0
explorer/internal/gas/tracker.go:141.54,144.4 2 0
explorer/internal/gas/tracker.go:145.3,150.4 1 0
explorer/internal/gas/tracker.go:153.2,153.60 1 0
explorer/internal/gas/tracker.go:153.60,156.52 3 0
explorer/internal/gas/tracker.go:156.52,159.4 2 0
explorer/internal/gas/tracker.go:160.3,165.4 1 0
explorer/internal/gas/tracker.go:168.2,168.20 1 0
explorer/internal/gas/tracker.go:171.63,173.12 2 0
explorer/internal/gas/tracker.go:173.12,174.7 1 0
explorer/internal/gas/tracker.go:174.7,175.11 1 0
explorer/internal/gas/tracker.go:176.22,178.11 2 0
explorer/internal/gas/tracker.go:179.20,180.50 1 0
explorer/internal/gas/tracker.go:180.50,182.6 1 0
explorer/internal/types/types.go:15.35,16.14 1 0
explorer/internal/types/types.go:16.14,18.3 1 0
explorer/internal/types/types.go:19.2,19.21 1 0
explorer/internal/types/types.go:22.47,23.16 1 0
explorer/internal/types/types.go:23.16,25.3 1 0
explorer/internal/types/types.go:26.2,26.35 1 0
explorer/internal/types/types.go:29.33,30.16 1 0
explorer/internal/types/types.go:30.16,32.3 1 0
explorer/internal/types/types.go:33.2,33.21 1 0
explorer/internal/types/types.go:39.51,44.2 4 0
explorer/internal/rpc/raw_block.go:69.39,70.21 1 0
explorer/internal/rpc/raw_block.go:70.21,72.3 1 0
explorer/internal/rpc/raw_block.go:73.2,73.34 1 0
explorer/internal/rpc/raw_block.go:76.46,77.25 1 0
explorer/internal/rpc/raw_block.go:77.25,79.3 1 0
explorer/internal/rpc/raw_block.go:80.2,80.38 1 0
explorer/internal/rpc/raw_block.go:83.51,84.30 1 0
explorer/internal/rpc/raw_block.go:84.30,86.3 1 0
explorer/internal/rpc/raw_block.go:87.2,87.43 1 0
explorer/internal/rpc/raw_block.go:90.38,91.23 1 0
explorer/internal/rpc/raw_block.go:91.23,93.3 1 0
explorer/internal/rpc/raw_block.go:94.2,94.29 1 0
explorer/internal/rpc/raw_block.go:97.41,98.28 1 0
explorer/internal/rpc/raw_block.go:98.28,100.3 1 0
explorer/internal/rpc/raw_block.go:101.2,102.11 2 0
explorer/internal/rpc/raw_block.go:107.90,110.16 3 0
explorer/internal/rpc/raw_block.go:110.16,112.3 1 0
explorer/internal/rpc/raw_block.go:113.2,113.23 1 0
explorer/internal/rpc/raw_block.go:113.23,115.3 1 0
explorer/internal/rpc/raw_block.go:116.2,116.18 1 0
explorer/internal/rpc/raw_block.go:120.83,125.16 3 0
explorer/internal/rpc/raw_block.go:125.16,127.3 1 0
explorer/internal/rpc/raw_block.go:128.2,128.28 1 0
explorer/internal/rpc/rpc.go:26.39,28.16 2 0
explorer/internal/rpc/rpc.go:28.16,30.3 1 0
explorer/internal/rpc/rpc.go:31.2,32.41 2 0
explorer/internal/rpc/rpc.go:35.36,37.2 1 0
explorer/internal/rpc/rpc.go:39.67,41.2 1 0
explorer/internal/rpc/rpc.go:43.92,45.2 1 0
explorer/internal/rpc/rpc.go:47.102,49.2 1 0
explorer/internal/rpc/rpc.go:51.111,53.2 1 0
explorer/internal/rpc/rpc.go:55.92,57.2 1 0
explorer/internal/rpc/rpc.go:59.87,61.2 1 0
explorer/internal/rpc/rpc.go:63.65,65.2 1 0
explorer/internal/rpc/rpc.go:67.100,73.2 2 0
explorer/internal/rpc/rpc.go:75.114,77.16 2 0
explorer/internal/rpc/rpc.go:77.16,79.3 1 0
explorer/internal/rpc/rpc.go:81.2,82.16 2 0
explorer/internal/rpc/rpc.go:82.16,84.3 1 0
explorer/internal/rpc/rpc.go:86.2,87.16 2 0
explorer/internal/rpc/rpc.go:87.16,89.3 1 0
explorer/internal/rpc/rpc.go:90.2,91.16 2 0
explorer/internal/rpc/rpc.go:91.16,93.3 1 0
explorer/internal/rpc/rpc.go:95.2,96.20 2 0
explorer/internal/rpc/rpc.go:96.20,99.3 2 0
explorer/internal/rpc/rpc.go:101.2,102.24 2 0
explorer/internal/rpc/rpc.go:102.24,103.26 1 0
explorer/internal/rpc/rpc.go:103.26,105.4 1 0
explorer/internal/rpc/rpc.go:105.9,107.4 1 0
explorer/internal/rpc/rpc.go:110.2,115.20 5 0
explorer/internal/rpc/rpc.go:115.20,116.47 1 0
explorer/internal/rpc/rpc.go:116.47,118.4 1 0
explorer/internal/rpc/rpc.go:119.3,121.31 3 0
explorer/internal/rpc/rpc.go:122.8,125.3 2 0
explorer/internal/rpc/rpc.go:127.2,139.8 1 0
explorer/internal/rpc/rpc.go:142.101,144.16 2 0
explorer/internal/rpc/rpc.go:144.16,146.3 1 0
explorer/internal/rpc/rpc.go:148.2,157.8 1 0
explorer/internal/rpc/rpc.go:160.113,162.16 2 0
explorer/internal/rpc/rpc.go:162.16,164.3 1 0
explorer/internal/rpc/rpc.go:166.2,167.16 2 0
explorer/internal/rpc/rpc.go:167.16,169.3 1 0
explorer/internal/rpc/rpc.go:171.2,172.44 2 0
explorer/internal/rpc/rpc.go:172.44,174.17 2 0
explorer/internal/rpc/rpc.go:174.17,175.12 1 0
explorer/internal/rpc/rpc.go:178.3,179.17 2 0
explorer/internal/rpc/rpc.go:179.17,180.12 1 0
explorer/internal/rpc/rpc.go:183.3,184.21 2 0
explorer/internal/rpc/rpc.go:184.21,187.4 2 0
explorer/internal/rpc/rpc.go:189.3,190.25 2 0
explorer/internal/rpc/rpc.go:190.25,191.27 1 0
explorer/internal/rpc/rpc.go:191.27,193.5 1 0
explorer/internal/rpc/rpc.go:193.10,195.5 1 0
explorer/internal/rpc/rpc.go:198.3,210.5 1 0
explorer/internal/rpc/rpc.go:213.2,213.17 1 0
explorer/internal/rpc/rpc.go:226.150,227.24 1 0
explorer/internal/rpc/rpc.go:227.24,229.3 1 0
explorer/internal/rpc/rpc.go:231.2,240.32 7 0
explorer/internal/rpc/rpc.go:240.32,242.21 2 0
explorer/internal/rpc/rpc.go:242.21,243.44 1 0
explorer/internal/rpc/rpc.go:243.44,245.5 1 0
explorer/internal/rpc/rpc.go:247.4,248.18 2 0
explorer/internal/rpc/rpc.go:248.18,255.5 5 0
explorer/internal/rpc/rpc.go:257.4,260.14 4 0
explorer/internal/rpc/rpc.go:264.2,264.33 1 0
explorer/internal/rpc/rpc.go:264.33,266.3 1 0
explorer/internal/rpc/rpc.go:268.2,268.19 1 0
explorer/internal/rpc/rpc.go:268.19,271.3 1 0
explorer/internal/rpc/rpc.go:273.2,273.21 1 0
explorer/internal/rpc/rpc.go:284.168,285.25 1 0
explorer/internal/rpc/rpc.go:285.25,287.3 1 0
explorer/internal/rpc/rpc.go:289.2,297.33 6 0
explorer/internal/rpc/rpc.go:297.33,299.21 2 0
explorer/internal/rpc/rpc.go:299.21,303.44 2 0
explorer/internal/rpc/rpc.go:303.44,309.5 5 0
explorer/internal/rpc/rpc.go:310.4,311.18 2 0
explorer/internal/rpc/rpc.go:311.18,313.5 1 0
explorer/internal/rpc/rpc.go:313.10,315.28 2 0
explorer/internal/rpc/rpc.go:315.28,317.6 1 0
explorer/internal/rpc/rpc.go:321.4,321.44 1 0
explorer/internal/rpc/rpc.go:321.44,326.5 4 0
explorer/internal/rpc/rpc.go:327.4,328.18 2 0
explorer/internal/rpc/rpc.go:328.18,330.19 2 0
explorer/internal/rpc/rpc.go:330.19,332.6 1 0
explorer/internal/rpc/rpc.go:336.4,336.44 1 0
explorer/internal/rpc/rpc.go:336.44,341.5 4 0
explorer/internal/rpc/rpc.go:342.4,343.45 2 0
explorer/internal/rpc/rpc.go:343.45,345.5 1 0
explorer/internal/rpc/rpc.go:345.10,347.5 1 0
explorer/internal/rpc/rpc.go:349.4,352.14 4 0
explorer/internal/rpc/rpc.go:356.2,357.21 2 0
explorer/internal/rpc/rpc.go:360.44,361.20 1 0
explorer/internal/rpc/rpc.go:361.20,363.36 2 0
explorer/internal/rpc/rpc.go:363.36,364.22 1 0
explorer/internal/rpc/rpc.go:364.22,366.5 1 0
explorer/internal/rpc/rpc.go:368.3,368.16 1 0
explorer/internal/rpc/rpc.go:371.2,372.33 2 0
explorer/internal/rpc/rpc.go:372.33,374.3 1 0
explorer/internal/rpc/rpc.go:376.2,376.35 1 0
explorer/internal/rpc/rpc.go:376.35,378.3 1 0
explorer/internal/rpc/rpc.go:380.2,381.42 2 0
explorer/internal/rpc/rpc.go:381.42,383.3 1 0
explorer/internal/rpc/rpc.go:385.2,386.35 2 0
explorer/internal/rpc/rpc.go:386.35,387.21 1 0
explorer/internal/rpc/rpc.go:387.21,389.4 1 0
explorer/internal/rpc/rpc.go:391.2,391.15 1 0
explorer/internal/rpc/rpc.go:394.132,395.24 1 0
explorer/internal/rpc/rpc.go:395.24,397.3 1 0
explorer/internal/rpc/rpc.go:399.2,406.31 6 0
explorer/internal/rpc/rpc.go:406.31,408.21 2 0
explorer/internal/rpc/rpc.go:408.21,409.44 1 0
explorer/internal/rpc/rpc.go:409.44,411.5 1 0
explorer/internal/rpc/rpc.go:414.4,418.43 4 0
explorer/internal/rpc/rpc.go:418.43,420.5 1 0
explorer/internal/rpc/rpc.go:422.4,428.14 6 0
explorer/internal/rpc/rpc.go:432.2,433.16 2 0
explorer/internal/rpc/rpc.go:442.112,444.2 1 0
explorer/internal/rpc/rpc.go:450.85,453.48 3 0
explorer/internal/rpc/rpc.go:453.48,455.3 1 0
explorer/internal/rpc/rpc.go:456.2,457.59 2 0
explorer/internal/rpc/rpc.go:457.59,459.3 1 0
explorer/internal/rpc/rpc.go:460.2,460.20 1 0
explorer/internal/rpc/rpc.go:463.29,465.2 1 0
explorer/internal/rpc/trace.go:43.73,46.16 3 0
explorer/internal/rpc/trace.go:46.16,49.54 1 0
explorer/internal/rpc/trace.go:49.54,51.4 1 0
explorer/internal/rpc/trace.go:52.3,52.19 1 0
explorer/internal/rpc/trace.go:54.2,54.18 1 0
explorer/internal/rpc/trace.go:57.101,66.16 4 0
explorer/internal/rpc/trace.go:66.16,68.3 1 0
explorer/internal/rpc/trace.go:70.2,71.28 2 0
explorer/internal/rpc/trace.go:71.28,74.3 2 0
explorer/internal/rpc/trace.go:76.2,76.20 1 0
explorer/internal/rpc/trace.go:79.96,83.16 3 0
explorer/internal/rpc/trace.go:83.16,85.3 1 0
explorer/internal/rpc/trace.go:87.2,87.21 1 0
explorer/internal/rpc/trace.go:90.132,94.2 3 0
explorer/internal/rpc/trace.go:96.162,98.19 2 0
explorer/internal/rpc/trace.go:98.19,100.26 2 0
explorer/internal/rpc/trace.go:100.26,102.4 1 0
explorer/internal/rpc/trace.go:103.3,103.39 1 0
explorer/internal/rpc/trace.go:106.2,107.24 2 0
explorer/internal/rpc/trace.go:107.24,109.3 1 0
explorer/internal/rpc/trace.go:111.2,112.18 2 0
explorer/internal/rpc/trace.go:113.65,113.65 0 0
explorer/internal/rpc/trace.go:114.10,115.20 1 0
explorer/internal/rpc/trace.go:118.2,119.20 2 0
explorer/internal/rpc/trace.go:119.20,122.3 2 0
explorer/internal/rpc/trace.go:124.2,125.19 2 0
explorer/internal/rpc/trace.go:125.19,128.3 2 0
explorer/internal/rpc/trace.go:129.2,129.23 1 0
explorer/internal/rpc/trace.go:129.23,132.3 2 0
explorer/internal/rpc/trace.go:134.2,135.46 2 0
explorer/internal/rpc/trace.go:135.46,137.3 1 0
explorer/internal/rpc/trace.go:138.2,138.48 1 0
explorer/internal/rpc/trace.go:138.48,140.3 1 0
explorer/internal/rpc/trace.go:141.2,141.23 1 0
explorer/internal/rpc/trace.go:141.23,143.3 1 0
explorer/internal/rpc/trace.go:145.2,163.36 3 0
explorer/internal/rpc/trace.go:163.36,166.3 2 0
explorer/internal/rpc/trace.go:175.192,176.24 1 0
explorer/internal/rpc/trace.go:176.24,178.3 1 0
explorer/internal/rpc/trace.go:180.2,181.40 2 0
explorer/internal/rpc/trace.go:181.40,185.35 3 0
explorer/internal/rpc/trace.go:185.35,187.11 2 0
explorer/internal/rpc/trace.go:187.11,188.13 1 0
explorer/internal/rpc/trace.go:190.4,191.28 2 0
explorer/internal/rpc/trace.go:191.28,193.5 1 0
explorer/internal/rpc/trace.go:196.3,196.29 1 0
explorer/internal/rpc/trace.go:199.2,210.32 8 0
explorer/internal/rpc/trace.go:210.32,212.21 2 0
explorer/internal/rpc/trace.go:212.21,213.44 1 0
explorer/internal/rpc/trace.go:213.44,215.5 1 0
explorer/internal/rpc/trace.go:217.4,218.18 2 0
explorer/internal/rpc/trace.go:218.18,221.5 2 0
explorer/internal/rpc/trace.go:223.4,224.28 2 0
explorer/internal/rpc/trace.go:224.28,228.5 3 0
explorer/internal/rpc/trace.go:230.4,230.14 1 0
explorer/internal/rpc/trace.go:234.2,235.21 2 0
explorer/internal/privacy/client.go:20.40,27.2 1 0
explorer/internal/privacy/client.go:29.73,34.2 1 0
explorer/internal/privacy/client.go:96.111,98.2 1 0
explorer/internal/privacy/client.go:100.131,102.16 2 0
explorer/internal/privacy/client.go:102.16,104.3 1 0
explorer/internal/privacy/client.go:106.2,107.25 2 0
explorer/internal/privacy/client.go:107.25,109.3 1 0
explorer/internal/privacy/client.go:110.2,110.22 1 0
explorer/internal/privacy/client.go:110.22,112.3 1 0
explorer/internal/privacy/client.go:113.2,116.16 3 0
explorer/internal/privacy/client.go:116.16,118.3 1 0
explorer/internal/privacy/client.go:120.2,121.16 2 0
explorer/internal/privacy/client.go:121.16,123.3 1 0
explorer/internal/privacy/client.go:124.2,126.38 2 0
explorer/internal/privacy/client.go:126.38,129.3 2 0
explorer/internal/privacy/client.go:131.2,132.67 2 0
explorer/internal/privacy/client.go:132.67,134.3 1 0
explorer/internal/privacy/client.go:136.2,136.21 1 0
explorer/internal/privacy/client.go:139.104,141.2 1 0
explorer/internal/privacy/client.go:143.131,146.16 3 0
explorer/internal/privacy/client.go:146.16,148.3 1 0
explorer/internal/privacy/client.go:150.2,151.25 2 0
explorer/internal/privacy/client.go:151.25,153.3 1 0
explorer/internal/privacy/client.go:154.2,154.22 1 0
explorer/internal/privacy/client.go:154.22,156.3 1 0
explorer/internal/privacy/client.go:157.2,160.16 3 0
explorer/internal/privacy/client.go:160.16,162.3 1 0
explorer/internal/privacy/client.go:164.2,165.16 2 0
explorer/internal/privacy/client.go:165.16,167.3 1 0
explorer/internal/privacy/client.go:168.2,170.38 2 0
explorer/internal/privacy/client.go:170.38,173.3 2 0
explorer/internal/privacy/client.go:175.2,176.67 2 0
explorer/internal/privacy/client.go:176.67,178.3 1 0
explorer/internal/privacy/client.go:180.2,180.21 1 0
explorer/internal/privacy/client.go:183.128,185.2 1 0
explorer/internal/privacy/client.go:187.148,189.16 2 0
explorer/internal/privacy/client.go:189.16,191.3 1 0
explorer/internal/privacy/client.go:193.2,194.25 2 0
explorer/internal/privacy/client.go:194.25,196.3 1 0
explorer/internal/privacy/client.go:197.2,200.22 3 0
explorer/internal/privacy/client.go:200.22,202.3 1 0
explorer/internal/privacy/client.go:203.2,204.16 2 0
explorer/internal/privacy/client.go:204.16,206.3 1 0
explorer/internal/privacy/client.go:208.2,209.16 2 0
explorer/internal/privacy/client.go:209.16,211.3 1 0
explorer/internal/privacy/client.go:212.2,215.16 3 0
explorer/internal/privacy/client.go:215.16,217.3 1 0
explorer/internal/privacy/client.go:218.2,220.38 2 0
explorer/internal/privacy/client.go:220.38,223.3 2 0
explorer/internal/privacy/client.go:225.2,226.70 2 0
explorer/internal/privacy/client.go:226.70,228.3 1 0
explorer/internal/privacy/client.go:230.2,231.43 2 0
explorer/internal/privacy/client.go:231.43,234.3 2 0
explorer/internal/privacy/client.go:236.2,236.20 1 0
explorer/internal/privacy/client.go:239.46,241.2 1 0
explorer/internal/privacy/client.go:243.49,245.2 1 0
explorer/internal/privacy/client.go:247.55,249.2 1 0
explorer/internal/privacy/client.go:251.52,253.2 1 0
explorer/internal/privacy/client.go:255.35,257.2 1 0
explorer/internal/privacy/client.go:269.116,272.16 3 0
explorer/internal/privacy/client.go:272.16,274.3 1 0
explorer/internal/privacy/client.go:276.2,277.16 2 0
explorer/internal/privacy/client.go:277.16,279.3 1 0
explorer/internal/privacy/client.go:281.2,282.16 2 0
explorer/internal/privacy/client.go:282.16,284.3 1 0
explorer/internal/privacy/client.go:285.2,287.44 2 0
explorer/internal/privacy/client.go:287.44,289.3 1 0
explorer/internal/privacy/client.go:290.2,290.45 1 0
explorer/internal/privacy/client.go:290.45,293.3 2 0
explorer/internal/privacy/client.go:294.2,294.38 1 0
explorer/internal/privacy/client.go:294.38,297.3 2 0
explorer/internal/privacy/client.go:299.2,300.67 2 0
explorer/internal/privacy/client.go:300.67,302.3 1 0
explorer/internal/privacy/client.go:304.2,304.21 1 0
explorer/internal/websocket/client.go:28.72,36.2 1 0
explorer/internal/websocket/client.go:39.29,40.15 1 0
explorer/internal/websocket/client.go:40.15,42.3 1 0
explorer/internal/websocket/client.go:44.2,46.43 3 0
explorer/internal/websocket/client.go:46.43,49.3 2 0
explorer/internal/websocket/client.go:51.2,51.6 1 0
explorer/internal/websocket/client.go:51.6,53.17 2 0
explorer/internal/websocket/client.go:53.17,54.103 1 0
explorer/internal/websocket/client.go:54.103,56.5 1 0
explorer/internal/websocket/client.go:57.4,57.9 1 0
explorer/internal/websocket/client.go:60.3,60.27 1 0
explorer/internal/websocket/client.go:65.30,67.15 2 0
explorer/internal/websocket/client.go:67.15,70.3 2 0
explorer/internal/websocket/client.go:72.2,72.6 1 0
explorer/internal/websocket/client.go:72.6,73.10 1 0
explorer/internal/websocket/client.go:74.32,76.11 2 0
explorer/internal/websocket/client.go:76.11,79.5 2 0
explorer/internal/websocket/client.go:81.4,82.18 2 0
explorer/internal/websocket/client.go:82.18,84.5 1 0
explorer/internal/websocket/client.go:85.4,89.27 3 0
explorer/internal/websocket/client.go:89.27,92.5 2 0
explorer/internal/websocket/client.go:94.4,94.36 1 0
explorer/internal/websocket/client.go:94.36,96.5 1 0
explorer/internal/websocket/client.go:98.19,100.74 2 0
explorer/internal/websocket/client.go:100.74,102.5 1 0
explorer/internal/websocket/client.go:107.48,109.54 2 0
explorer/internal/websocket/client.go:109.54,113.3 3 0
explorer/internal/websocket/client.go:115.2,115.20 1 0
explorer/internal/websocket/client.go:116.19,117.36 1 0
explorer/internal/websocket/client.go:117.36,118.27 1 0
explorer/internal/websocket/client.go:118.27,121.5 2 0
explorer/internal/websocket/client.go:121.10,123.5 1 0
explorer/internal/websocket/client.go:126.21,127.36 1 0
explorer/internal/websocket/client.go:127.36,130.4 2 0
explorer/internal/websocket/client.go:132.10,133.47 1 0
explorer/internal/websocket/client.go:137.38,145.24 2 0
explorer/internal/websocket/client.go:145.24,147.3 1 0
explorer/internal/websocket/client.go:150.2,150.47 1 0
explorer/internal/websocket/client.go:150.47,152.3 1 0
explorer/internal/websocket/client.go:154.2,154.14 1 0
explorer/internal/websocket/client.go:157.44,163.2 2 0
explorer/internal/websocket/client.go:165.52,172.2 2 0
explorer/internal/websocket/client.go:174.26,178.14 3 0
explorer/internal/websocket/client.go:178.14,180.3 1 0
explorer/internal/websocket/client.go:181.2,183.15 2 0
explorer/internal/websocket/client.go:186.36,188.30 2 0
explorer/internal/websocket/client.go:188.30,190.3 1 0
explorer/internal/websocket/client.go:191.2,191.15 1 0
explorer/internal/websocket/hub.go:30.60,41.2 1 0
explorer/internal/websocket/hub.go:43.40,46.6 2 0
explorer/internal/websocket/hub.go:46.6,47.10 1 0
explorer/internal/websocket/hub.go:48.21,50.10 2 0
explorer/internal/websocket/hub.go:52.31,53.28 1 0
explorer/internal/websocket/hub.go:55.33,56.30 1 0
explorer/internal/websocket/hub.go:58.33,59.54 1 0
explorer/internal/websocket/hub.go:61.29,62.24 1 0
explorer/internal/websocket/hub.go:67.46,71.40 3 0
explorer/internal/websocket/hub.go:71.40,75.3 3 0
explorer/internal/websocket/hub.go:77.2,78.57 2 0
explorer/internal/websocket/hub.go:81.48,85.36 3 0
explorer/internal/websocket/hub.go:85.36,88.40 2 0
explorer/internal/websocket/hub.go:88.40,90.25 2 0
explorer/internal/websocket/hub.go:90.25,92.5 1 0
explorer/internal/websocket/hub.go:95.3,96.60 2 0
explorer/internal/websocket/hub.go:100.55,104.35 3 0
explorer/internal/websocket/hub.go:104.35,106.3 1 0
explorer/internal/websocket/hub.go:107.2,108.29 2 0
explorer/internal/websocket/hub.go:111.57,115.40 3 0
explorer/internal/websocket/hub.go:115.40,117.24 2 0
explorer/internal/websocket/hub.go:117.24,119.4 1 0
explorer/internal/websocket/hub.go:121.2,121.30 1 0
explorer/internal/websocket/hub.go:124.62,127.9 3 0
explorer/internal/websocket/hub.go:127.9,130.3 2 0
explorer/internal/websocket/hub.go:133.2,134.30 2 0
explorer/internal/websocket/hub.go:134.30,136.3 1 0
explorer/internal/websocket/hub.go:137.2,139.37 2 0
explorer/internal/websocket/hub.go:139.37,140.10 1 0
explorer/internal/websocket/hub.go:141.31,141.31 0 0
explorer/internal/websocket/hub.go:142.11,144.27 1 0
explorer/internal/websocket/hub.go:149.46,152.32 3 0
explorer/internal/websocket/hub.go:152.32,154.3 1 0
explorer/internal/websocket/hub.go:155.2,157.37 2 0
explorer/internal/websocket/hub.go:157.37,158.10 1 0
explorer/internal/websocket/hub.go:159.31,159.31 0 0
explorer/internal/websocket/hub.go:160.11,161.27 1 0
explorer/internal/websocket/hub.go:166.48,172.16 2 0
explorer/internal/websocket/hub.go:172.16,175.3 2 0
explorer/internal/websocket/hub.go:177.2,177.20 1 0
explorer/internal/websocket/hub.go:178.28,179.36 1 0
explorer/internal/websocket/hub.go:180.25,181.42 1 0
explorer/internal/websocket/hub.go:182.31,183.35 1 0
explorer/internal/websocket/hub.go:184.30,185.34 1 0
explorer/internal/websocket/hub.go:186.35,190.59 2 0
explorer/internal/websocket/hub.go:190.59,192.4 1 0
explorer/internal/websocket/hub.go:196.51,197.12 1 0
explorer/internal/websocket/hub.go:198.28,199.18 1 0
explorer/internal/websocket/hub.go:200.25,201.24 1 0
explorer/internal/websocket/hub.go:202.31,203.17 1 0
explorer/internal/websocket/hub.go:204.30,205.16 1 0
explorer/internal/websocket/hub.go:206.35,207.19 1 0
explorer/internal/websocket/hub.go:208.10,209.20 1 0
explorer/internal/websocket/hub.go:213.40,215.2 1 0
explorer/internal/websocket/hub.go:217.42,219.2 1 0
explorer/internal/websocket/hub.go:221.33,225.2 3 0
explorer/internal/websocket/hub.go:227.32,231.2 3 0
explorer/internal/websocket/hub.go:241.30,249.2 1 0
explorer/internal/opdeposits/fetcher.go:41.63,49.2 2 0
explorer/internal/opdeposits/fetcher.go:51.52,53.16 2 0
explorer/internal/opdeposits/fetcher.go:53.16,55.3 1 0
explorer/internal/opdeposits/fetcher.go:56.2,59.12 3 0
explorer/internal/opdeposits/fetcher.go:62.26,64.2 1 0
explorer/internal/opdeposits/fetcher.go:66.44,70.6 3 0
explorer/internal/opdeposits/fetcher.go:70.6,71.10 1 0
explorer/internal/opdeposits/fetcher.go:72.21,73.10 1 0
explorer/internal/opdeposits/fetcher.go:74.23,75.10 1 0
explorer/internal/opdeposits/fetcher.go:76.19,77.38 1 0
explorer/internal/opdeposits/fetcher.go:77.38,79.5 1 0
explorer/internal/opdeposits/fetcher.go:84.51,86.16 2 0
explorer/internal/opdeposits/fetcher.go:86.16,88.3 1 0
explorer/internal/opdeposits/fetcher.go:90.2,91.16 2 0
explorer/internal/opdeposits/fetcher.go:91.16,93.3 1 0
explorer/internal/opdeposits/fetcher.go:95.2,96.44 2 0
explorer/internal/opdeposits/fetcher.go:96.44,98.3 1 0
explorer/internal/opdeposits/fetcher.go:98.8,100.3 1 0
explorer/internal/opdeposits/fetcher.go:102.2,102.26 1 0
explorer/internal/opdeposits/fetcher.go:102.26,104.3 1 0
explorer/internal/opdeposits/fetcher.go:106.2,107.79 2 0
explorer/internal/opdeposits/fetcher.go:107.79,109.26 2 0
explorer/internal/opdeposits/fetcher.go:109.26,111.4 1 0
explorer/internal/opdeposits/fetcher.go:113.3,114.17 2 0
explorer/internal/opdeposits/fetcher.go:114.17,116.4 1 0
explorer/internal/opdeposits/fetcher.go:118.3,118.24 1 0
explorer/internal/opdeposits/fetcher.go:118.24,119.68 1 0
explorer/internal/opdeposits/fetcher.go:119.68,121.5 1 0
explorer/internal/opdeposits/fetcher.go:122.4,125.28 1 0
explorer/internal/opdeposits/fetcher.go:129.2,129.12 1 0
explorer/internal/opdeposits/fetcher.go:132.70,134.16 2 0
explorer/internal/opdeposits/fetcher.go:134.16,136.3 1 0
explorer/internal/opdeposits/fetcher.go:138.2,138.21 1 0
explorer/internal/opdeposits/fetcher.go:138.21,140.3 1 0
explorer/internal/opdeposits/fetcher.go:142.2,142.29 1 0
explorer/internal/opdeposits/fetcher.go:142.29,144.3 1 0
explorer/internal/opdeposits/fetcher.go:146.2,147.16 2 0
explorer/internal/opdeposits/fetcher.go:147.16,149.3 1 0
explorer/internal/opdeposits/fetcher.go:150.2,150.42 1 0
explorer/internal/opdeposits/fetcher.go:150.42,152.3 1 0
explorer/internal/opdeposits/fetcher.go:153.2,153.15 1 0
explorer/internal/opdeposits/fetcher.go:156.114,165.16 3 0
explorer/internal/opdeposits/fetcher.go:165.16,167.3 1 0
explorer/internal/opdeposits/fetcher.go:169.2,171.32 2 0
explorer/internal/opdeposits/fetcher.go:171.32,172.31 1 0
explorer/internal/opdeposits/fetcher.go:172.31,173.12 1 0
explorer/internal/opdeposits/fetcher.go:176.3,180.30 3 0
explorer/internal/opdeposits/fetcher.go:180.30,181.12 1 0
explorer/internal/opdeposits/fetcher.go:185.3,186.45 2 0
explorer/internal/opdeposits/fetcher.go:186.45,187.12 1 0
explorer/internal/opdeposits/fetcher.go:189.3,190.52 2 0
explorer/internal/opdeposits/fetcher.go:190.52,191.12 1 0
explorer/internal/opdeposits/fetcher.go:193.3,196.17 3 0
explorer/internal/opdeposits/fetcher.go:196.17,200.12 2 0
explorer/internal/opdeposits/fetcher.go:203.3,204.18 2 0
explorer/internal/opdeposits/fetcher.go:204.18,206.4 1 0
explorer/internal/opdeposits/fetcher.go:208.3,211.17 3 0
explorer/internal/opdeposits/fetcher.go:211.17,215.12 2 0
explorer/internal/opdeposits/fetcher.go:218.3,220.35 3 0
explorer/internal/opdeposits/fetcher.go:220.35,223.4 2 0
explorer/internal/opdeposits/fetcher.go:225.3,231.5 1 0
explorer/internal/opdeposits/fetcher.go:234.2,234.22 1 0
explorer/internal/opdeposits/hash.go:16.78,32.2 11 0
explorer/internal/opdeposits/hash.go:46.179,47.17 1 0
explorer/internal/opdeposits/hash.go:47.17,49.3 1 0
explorer/internal/opdeposits/hash.go:50.2,50.18 1 0
explorer/internal/opdeposits/hash.go:50.18,52.3 1 0
explorer/internal/opdeposits/hash.go:54.2,66.16 3 0
explorer/internal/opdeposits/hash.go:66.16,68.3 1 0
explorer/internal/opdeposits/hash.go:70.2,74.43 4 0
explorer/internal/opdeposits/hash.go:84.126,85.26 1 0
explorer/internal/opdeposits/hash.go:85.26,87.3 1 0
explorer/internal/opdeposits/hash.go:89.2,94.26 5 0
explorer/internal/opdeposits/hash.go:94.26,96.3 1 0
explorer/internal/opdeposits/hash.go:98.2,98.57 1 0
explorer/internal/log/handler.go:55.77,56.17 1 0
explorer/internal/log/handler.go:56.17,58.3 1 0
explorer/internal/log/handler.go:59.2,59.23 1 0
explorer/internal/log/handler.go:59.23,61.3 1 0
explorer/internal/log/handler.go:63.2,64.27 2 0
explorer/internal/log/handler.go:64.27,66.3 1 0
explorer/internal/log/handler.go:66.8,66.38 1 0
explorer/internal/log/handler.go:66.38,68.55 2 0
explorer/internal/log/handler.go:68.55,70.4 1 0
explorer/internal/log/handler.go:71.3,71.34 1 0
explorer/internal/log/handler.go:71.34,73.4 1 0
explorer/internal/log/handler.go:76.2,81.3 1 0
explorer/internal/log/handler.go:84.77,86.2 1 0
explorer/internal/log/handler.go:89.74,93.9 3 0
explorer/internal/log/handler.go:93.9,95.3 1 0
explorer/internal/log/handler.go:97.2,99.17 2 0
explorer/internal/log/handler.go:99.17,107.3 7 0
explorer/internal/log/handler.go:107.8,112.3 4 0
explorer/internal/log/handler.go:113.2,115.23 2 0
explorer/internal/log/handler.go:115.23,117.18 2 0
explorer/internal/log/handler.go:117.18,122.4 4 0
explorer/internal/log/handler.go:122.9,125.4 2 0
explorer/internal/log/handler.go:128.2,131.23 3 0
explorer/internal/log/handler.go:131.23,134.3 2 0
explorer/internal/log/handler.go:136.2,136.53 1 0
explorer/internal/log/handler.go:136.53,137.16 1 0
explorer/internal/log/handler.go:137.16,140.20 3 0
explorer/internal/log/handler.go:140.20,142.20 2 0
explorer/internal/log/handler.go:142.20,144.6 1 0
explorer/internal/log/handler.go:144.11,146.6 1 0
explorer/internal/log/handler.go:151.2,156.12 5 0
explorer/internal/log/handler.go:159.79,160.29 1 0
explorer/internal/log/handler.go:160.29,161.12 1 0
explorer/internal/log/handler.go:161.12,163.4 1 0
explorer/internal/log/handler.go:164.3,164.18 1 0
explorer/internal/log/handler.go:164.18,170.4 5 0
explorer/internal/log/handler.go:170.9,174.4 3 0
explorer/internal/log/handler.go:178.39,179.18 1 0
explorer/internal/log/handler.go:180.23,182.38 2 0
explorer/internal/log/handler.go:182.38,184.4 1 0
explorer/internal/log/handler.go:185.3,185.11 1 0
explorer/internal/log/handler.go:186.21,187.39 1 0
explorer/internal/log/handler.go:188.25,189.31 1 0
explorer/internal/log/handler.go:190.22,192.22 2 0
explorer/internal/log/handler.go:192.22,194.4 1 0
explorer/internal/log/handler.go:195.3,196.27 2 0
explorer/internal/log/handler.go:196.27,198.4 1 0
explorer/internal/log/handler.go:199.3,199.46 1 0
explorer/internal/log/handler.go:200.10,201.20 1 0
explorer/internal/log/handler.go:205.46,207.33 2 0
explorer/internal/log/handler.go:207.33,210.3 2 0
explorer/internal/log/handler.go:211.2,211.14 1 0
explorer/internal/log/handler.go:214.69,223.2 1 0
explorer/internal/log/handler.go:225.63,226.16 1 0
explorer/internal/log/handler.go:226.16,228.3 1 0
explorer/internal/log/handler.go:229.2,236.3 1 0
explorer/internal/log/log.go:27.13,29.2 1 0
explorer/internal/log/log.go:31.45,34.2 2 0
explorer/internal/log/log.go:36.33,39.2 2 0
explorer/internal/log/log.go:41.29,43.2 1 0
explorer/internal/log/log.go:45.33,51.2 2 0
explorer/internal/log/log.go:53.37,55.2 1 0
explorer/internal/log/log.go:57.42,59.2 1 0
explorer/internal/log/log.go:61.37,63.2 1 0
explorer/internal/log/log.go:65.41,67.2 1 0
explorer/internal/log/log.go:69.36,71.2 1 0
explorer/internal/log/log.go:73.40,75.2 1 0
explorer/internal/log/log.go:77.36,79.2 1 0
explorer/internal/log/log.go:81.40,83.2 1 0
explorer/internal/log/log.go:85.37,87.2 1 0
explorer/internal/log/log.go:89.41,91.2 1 0
explorer/internal/log/log.go:93.37,96.2 2 0
explorer/internal/log/log.go:98.41,101.2 2 0
explorer/internal/log/log.go:103.25,105.2 1 0
explorer/internal/log/log.go:107.27,109.2 1 0
explorer/internal/log/log.go:111.41,113.2 1 0
explorer/internal/log/log.go:115.74,117.28 2 0
explorer/internal/log/log.go:117.28,119.3 1 0
explorer/internal/log/log.go:122.2,128.32 5 0
explorer/internal/log/log.go:135.38,137.2 1 0
explorer/internal/log/log.go:139.53,141.2 1 0
explorer/internal/log/log.go:143.52,145.2 1 0
explorer/internal/log/log.go:147.52,149.2 1 0
explorer/internal/log/log.go:151.53,153.2 1 0
explorer/internal/price/price.go:34.48,36.2 1 0
explorer/internal/price/price.go:45.75,52.2 1 0
explorer/internal/price/price.go:54.69,56.56 2 0
explorer/internal/price/price.go:56.56,59.3 2 0
explorer/internal/price/price.go:60.2,62.29 2 0
explorer/internal/price/price.go:65.74,69.56 3 0
explorer/internal/price/price.go:69.56,71.3 1 0
explorer/internal/price/price.go:73.2,80.16 3 0
explorer/internal/price/price.go:80.16,81.21 1 0
explorer/internal/price/price.go:81.21,83.4 1 0
explorer/internal/price/price.go:84.3,84.62 1 0
explorer/internal/price/price.go:87.2,90.16 3 0
explorer/internal/price/price.go:90.16,91.21 1 0
explorer/internal/price/price.go:91.21,93.4 1 0
explorer/internal/price/price.go:94.3,94.59 1 0
explorer/internal/price/price.go:96.2,98.38 2 0
explorer/internal/price/price.go:98.38,99.21 1 0
explorer/internal/price/price.go:99.21,101.4 1 0
explorer/internal/price/price.go:102.3,102.72 1 0
explorer/internal/price/price.go:105.2,106.67 2 0
explorer/internal/price/price.go:106.67,107.21 1 0
explorer/internal/price/price.go:107.21,109.4 1 0
explorer/internal/price/price.go:110.3,110.63 1 0
explorer/internal/price/price.go:113.2,114.9 2 0
explorer/internal/price/price.go:114.9,115.21 1 0
explorer/internal/price/price.go:115.21,117.4 1 0
explorer/internal/price/price.go:118.3,118.68 1 0
explorer/internal/price/price.go:121.2,131.23 3 0
explorer/internal/price/price.go:131.23,133.3 1 0
explorer/internal/price/price.go:135.2,135.21 1 0
explorer/internal/price/price.go:138.63,139.12 1 0
explorer/internal/price/price.go:139.12,145.7 4 0
explorer/internal/price/price.go:145.7,146.11 1 0
explorer/internal/price/price.go:147.22,148.11 1 0
explorer/internal/price/price.go:149.20,150.25 1 0
